run,Lambda_GeV,C,observable,no_daisy,with_daisy,relative_difference
run03,1000.0,3.64,alpha,0.0307776561770419,0.0287579298386723,-0.06562313669213647
run03,1000.0,3.642121212121212,alpha,0.0311148787293425,0.0290654773864761,-0.06586563813066508
run03,1000.0,3.644242424242425,alpha,0.0314723824081189,0.0293930397589539,-0.0660688035052788
run03,1000.0,3.646363636363637,alpha,0.0318187766253531,0.0297230937413897,-0.0658630879696855
run03,1000.0,3.648484848484848,alpha,0.0321767790356686,0.0300493897777759,-0.06611566855509218
run03,1000.0,3.650606060606061,alpha,0.032543690815642,0.0304034556293505,-0.0657649803280088
run03,1000.0,3.652727272727273,alpha,0.0329094357549062,0.0307486895284601,-0.06565734649898916
run03,1000.0,3.656969696969697,alpha,0.0337054580723203,0.0314447237086724,-0.06707324252342593
run03,1000.0,3.659090909090909,alpha,0.0341019123393094,0.0318158157022038,-0.0670371976315946
run03,1000.0,3.661212121212121,alpha,0.034498649991983,0.0321958632919382,-0.06675005255509812
run03,1000.0,3.6633333333333336,alpha,0.0349142134723037,0.0325924717922565,-0.06649846721848575
run03,1000.0,3.6654545454545455,alpha,0.0353368788492497,0.032987936933381,-0.06647281798399621
run03,1000.0,3.66969696969697,alpha,0.036203093657265,0.0338032060870287,-0.06628957163042627
run03,1000.0,3.671818181818182,alpha,0.0366539268505074,0.0342422018814187,-0.06579717853764719
run03,1000.0,3.673939393939394,alpha,0.0371298650141893,0.0346701544566369,-0.066246148662604
run03,1000.0,3.6760606060606063,alpha,0.0376151147585825,0.0351124585937971,-0.06653325879364433
run03,1000.0,3.678181818181818,alpha,0.0380822152956622,0.0355690582581889,-0.06599293181769185
run03,1000.0,3.680303030303031,alpha,0.0385867108549339,0.036021331430355,-0.0664834956838742
run03,1000.0,3.6824242424242426,alpha,0.039098339272902,0.0365026923655187,-0.06638765112927118
run03,1000.0,3.686666666666667,alpha,0.0401644367932081,0.0374453653142521,-0.06769848393382188
run03,1000.0,3.688787878787879,alpha,0.0407137804574248,0.0379993073510329,-0.06667209666836209
run03,1000.0,3.690909090909091,alpha,0.0412769946003305,0.0385211686652248,-0.06676420998644199
run03,1000.0,3.6951515151515153,alpha,0.0424481023681635,0.0396011617019388,-0.06706873823315912
run03,1000.0,3.6972727272727273,alpha,0.0430520951549613,0.0401812636729894,-0.06668273568658283
run03,1000.0,3.701515151515152,alpha,0.044319792018146,0.0413617744617008,-0.06674258659052577
run03,1000.0,3.703636363636364,alpha,0.0449790945709606,0.0419655147690616,-0.0669995657014543
run03,1000.0,3.705757575757576,alpha,0.0456744591915318,0.0426114921354239,-0.06706082809352192
run03,1000.0,3.707878787878788,alpha,0.046341268198197,0.0432448128519347,-0.06681852842306925
run03,1000.0,3.71,alpha,0.0470738878104117,0.0439090109327331,-0.06723211157797339
run03,1000.0,3.712121212121213,alpha,0.0477906639928207,0.0445941726832593,-0.06688526675506307
run03,1000.0,3.714242424242424,alpha,0.0485492649846331,0.0452931986261875,-0.06706726372636573
run03,1000.0,3.716363636363636,alpha,0.0493630506377729,0.0460303386020791,-0.06751430457872862
run03,1000.0,3.7184848484848487,alpha,0.0501377205951155,0.0467911382067642,-0.06674779684095437
run03,1000.0,3.7206060606060607,alpha,0.0509804658210145,0.0475573181493935,-0.06714626115106932
run03,1000.0,3.7227272727272727,alpha,0.0518177201290861,0.0483557187364497,-0.06681114846450233
run03,1000.0,3.724848484848485,alpha,0.0526860984370018,0.0491852697841274,-0.06644691401965246
run03,1000.0,3.726969696969697,alpha,0.0535752061170733,0.0500057489305464,-0.06662516946228586
run03,1000.0,3.729090909090909,alpha,0.0545663145883272,0.0508727493725818,-0.06768947552370566
run03,1000.0,3.7312121212121214,alpha,0.0555419097230159,0.051794818676751,-0.06746420972831883
run03,1000.0,3.733333333333333,alpha,0.0565310071180287,0.0527158460647067,-0.06748793711310473
run03,1000.0,3.735454545454546,alpha,0.0575779105725438,0.0536638563462139,-0.06797839983092975
run03,1000.0,3.7375757575757578,alpha,0.0587023609829295,0.0546679285648584,-0.06872691916504516
run03,1000.0,3.7396969696969697,alpha,0.0598142074498107,0.0556800266107665,-0.06911703782940086
run03,1000.0,3.741818181818182,alpha,0.0609210509606703,0.0567432881957247,-0.06857666929683624
run03,1000.0,3.743939393939394,alpha,0.0621714685308462,0.0578385737239974,-0.06969265660339109
run03,1000.0,3.746060606060606,alpha,0.0634034498091975,0.0590412953761545,-0.06879995404304036
run03,1000.0,3.7503030303030314,alpha,0.0660343634200079,0.0614769952821281,-0.06901509913698897
run03,1000.0,3.7524242424242416,alpha,0.0674152051027527,0.0627858845582187,-0.0686687897408026
run03,1000.0,3.754545454545455,alpha,0.0688920337319581,0.0641494116673306,-0.06884137116752674
run03,1000.0,3.756666666666667,alpha,0.0704088275244917,0.0655210611207231,-0.06941979543784309
run03,1000.0,3.758787878787879,alpha,0.0719888580911904,0.0670099847613029,-0.06916172115941352
run03,1000.0,3.760909090909091,alpha,0.0736448571081697,0.068521567112853,-0.06956751898902606
run03,1000.0,3.763030303030303,alpha,0.0753902770887317,0.0701065672205372,-0.07008476520089932
run03,1000.0,3.765151515151515,alpha,0.0771773134353593,0.0717066899020683,-0.07088382958384504
run03,1000.0,3.767272727272728,alpha,0.0790988181910657,0.0734603063998694,-0.07128439994610662
run03,1000.0,3.76939393939394,alpha,0.0810516394361073,0.075376062711541,-0.07002420634613238
run03,1000.0,3.773636363636364,alpha,0.0853176597684354,0.0792679067283439,-0.07090856754054692
run03,1000.0,3.775757575757576,alpha,0.0876084298439623,0.081407157331999,-0.07078397048101726
run03,1000.0,3.777878787878788,alpha,0.0900461020321439,0.083648901333013,-0.0710436160451152
run03,1000.0,3.78,alpha,0.0925578365743223,0.0859020961196052,-0.07190898902841861
run03,1000.0,3.782121212121212,alpha,0.0952423897282167,0.0883615646372946,-0.07224540575427815
run03,1000.0,3.784242424242424,alpha,0.098159087906614,0.0909851073906542,-0.07308524018463718
run03,1000.0,3.7863636363636366,alpha,0.1011386506998268,0.093715454446777,-0.07339623577816351
run03,1000.0,3.788484848484849,alpha,0.104285841697208,0.0966379770244578,-0.07333559904474511
run03,1000.0,3.790606060606061,alpha,0.1076213088426075,0.0998018853378663,-0.0726568333802448
run03,1000.0,3.792727272727273,alpha,0.1110135418188676,0.1030398705909408,-0.07182611325865848
run03,1000.0,3.794848484848485,alpha,0.115234864413884,0.1065175610063603,-0.07564814218216241
run03,1000.0,3.796969696969697,alpha,0.1192922408614532,0.1100477995106282,-0.0774940707297263
run03,1000.0,3.799090909090909,alpha,0.1237354461826109,0.1142808216388456,-0.07640999273411109
run03,1000.0,3.801212121212121,alpha,0.128380904140525,0.1185728306280851,-0.0763982274318931
run03,1000.0,3.8033333333333337,alpha,0.1335400280531508,0.1232523710488766,-0.07703800241961584
run03,1000.0,3.8054545454545456,alpha,0.1388613818343201,0.1282123944096074,-0.0766878975568479
run03,1000.0,3.8075757575757576,alpha,0.1450484340698437,0.1336902170333977,-0.07830637475877046
run03,1000.0,3.8096969696969696,alpha,0.1513334600912193,0.1393875561516037,-0.07893762511221893
run03,1000.0,3.811818181818182,alpha,0.1583066220673871,0.1459805627279701,-0.07786193134845683
run03,1000.0,3.813939393939394,alpha,0.1663105866245381,0.152781288856943,-0.08134958839474703
run03,1000.0,3.8160606060606064,alpha,0.174956016243161,0.1603816976638319,-0.08330275741460147
run03,1000.0,3.8181818181818175,alpha,0.1845935832599631,0.1690997485142715,-0.08393485012895405
run03,1000.0,3.8203030303030303,alpha,0.194791899711873,0.1786735421160157,-0.0827465496239773
run03,1000.0,3.8224242424242423,alpha,0.2066785964116058,0.1889457992095167,-0.0857989047243855
run03,1000.0,3.824545454545455,alpha,0.2203484480692825,0.2008247952260625,-0.08860354141038163
run03,1000.0,3.826666666666666,alpha,0.2372729184028816,0.2144184376867959,-0.0963214886465869
run03,1000.0,3.828787878787879,alpha,0.2568162121772621,0.230865205921675,-0.10104894093553149
run03,1000.0,3.830909090909091,alpha,0.2805753871476348,0.2508517499325668,-0.10593814916284097
run03,1000.0,3.833030303030303,alpha,0.3107899195164466,0.276215270054041,-0.11124765409444345
run03,1000.0,3.8393939393939394,alpha,0.4753175689007051,0.4070707760760435,-0.1435814648772609
run03,1000.0,3.64,beta_over_H,1820.101925276132,1913.8827302108489,0.051525029248287335
run03,1000.0,3.642121212121212,beta_over_H,1831.339825976843,1887.025337754222,0.030406979080289515
run03,1000.0,3.644242424242425,beta_over_H,1783.2425160351638,1764.0372274696126,-0.010769869152879983
run03,1000.0,3.646363636363637,beta_over_H,1709.044822862033,1756.065292986302,0.0275127190903786
run03,1000.0,3.648484848484848,beta_over_H,1595.373100726379,1734.1656658625766,0.08699693198600673
run03,1000.0,3.650606060606061,beta_over_H,1568.980624208545,1693.3889290787934,0.07929244182540805
run03,1000.0,3.652727272727273,beta_over_H,1521.7232248833784,1698.22917262974,0.11599083516642045
run03,1000.0,3.656969696969697,beta_over_H,1522.2301517797468,1613.2034022152625,0.05976313787317403
run03,1000.0,3.659090909090909,beta_over_H,1673.8349156173483,1602.819309777362,-0.04242688760844389
run03,1000.0,3.661212121212121,beta_over_H,1544.3533955990292,1553.5725955313046,0.00596961806704832
run03,1000.0,3.6633333333333336,beta_over_H,1503.9383490077494,1501.2952773856748,-0.0017574334904209156
run03,1000.0,3.6654545454545455,beta_over_H,1400.9601811707976,1595.1633760546283,0.13862149509597985
run03,1000.0,3.66969696969697,beta_over_H,1487.771009334729,1517.5086308212396,0.019988036666884795
run03,1000.0,3.671818181818182,beta_over_H,1451.2749160702754,1580.8569201173696,0.08928839230403912
run03,1000.0,3.673939393939394,beta_over_H,1425.2166037785798,1450.9351027684024,0.018045326529060133
run03,1000.0,3.6760606060606063,beta_over_H,1374.865699206154,1517.8542093025435,0.10400180190614322
run03,1000.0,3.678181818181818,beta_over_H,1436.4745290283047,1371.826973447104,-0.045004317358088665
run03,1000.0,3.680303030303031,beta_over_H,1386.9241966475674,1377.9504095814707,-0.006470279405167148
run03,1000.0,3.6824242424242426,beta_over_H,1396.8611156037127,1125.578725740875,-0.19420856292187047
run03,1000.0,3.686666666666667,beta_over_H,1363.3378588938072,1363.1348422482977,-0.00014891147061243015
run03,1000.0,3.688787878787879,beta_over_H,1366.756145322938,1128.2969391172676,-0.17447092301116165
run03,1000.0,3.690909090909091,beta_over_H,1122.6371468815323,1276.8767988046222,0.13739047594455403
run03,1000.0,3.6951515151515153,beta_over_H,1235.610530691114,1307.465398603931,0.05815333078508669
run03,1000.0,3.6972727272727273,beta_over_H,1224.3734227206485,1155.0290030929964,-0.05663665867032923
run03,1000.0,3.701515151515152,beta_over_H,1174.0699423960518,1225.1040034667703,0.04346764977780435
run03,1000.0,3.703636363636364,beta_over_H,1182.4605747101036,1165.095020316599,-0.014685947899583954
run03,1000.0,3.705757575757576,beta_over_H,1191.465418596733,1149.0498461316038,-0.03559949940895869
run03,1000.0,3.707878787878788,beta_over_H,1131.0480994707605,1223.9957967208354,0.08217837711196102
run03,1000.0,3.71,beta_over_H,1126.9348192267043,1119.935735877412,-0.006210725970908419
run03,1000.0,3.712121212121213,beta_over_H,1109.5414476591543,1027.4087150420337,-0.07402403289250659
run03,1000.0,3.714242424242424,beta_over_H,1152.1943749176487,1082.5912660271513,-0.060409172623735644
run03,1000.0,3.716363636363636,beta_over_H,1246.0666939760424,1190.3859767034269,-0.044685182215203394
run03,1000.0,3.7184848484848487,beta_over_H,1165.2058473012492,1039.672933696328,-0.10773453797513097
run03,1000.0,3.7206060606060607,beta_over_H,1062.7173855004487,1066.8833535401063,0.00392010904921426
run03,1000.0,3.7227272727272727,beta_over_H,1037.4129892593064,1036.8436607106328,-0.0005487964335978948
run03,1000.0,3.724848484848485,beta_over_H,996.5115517633928,1044.7835351405388,0.048440967183697455
run03,1000.0,3.726969696969697,beta_over_H,989.6685722678646,917.0668432950724,-0.07335963877929606
run03,1000.0,3.729090909090909,beta_over_H,742.5219322175635,950.5905239006604,0.28021878230814534
run03,1000.0,3.7312121212121214,beta_over_H,805.873284699274,950.9337760551778,0.18000409507313012
run03,1000.0,3.733333333333333,beta_over_H,852.2030896760217,972.7877301349586,0.14149753963550987
run03,1000.0,3.735454545454546,beta_over_H,810.0437925737509,1083.202812298329,0.337215126180611
run03,1000.0,3.7375757575757578,beta_over_H,927.2444720141236,936.5139494785072,0.009996799920789844
run03,1000.0,3.7396969696969697,beta_over_H,911.5790892913247,919.835353348264,0.009057101192786013
run03,1000.0,3.741818181818182,beta_over_H,747.4802693902493,887.2199641599939,0.18694767004851653
run03,1000.0,3.743939393939394,beta_over_H,867.90036409221,806.5440644493856,-0.07069509609781154
run03,1000.0,3.746060606060606,beta_over_H,925.0452945471916,728.9224061132438,-0.21201436252907988
run03,1000.0,3.7503030303030314,beta_over_H,805.4579108018037,699.9722012176073,-0.13096365206617588
run03,1000.0,3.7524242424242416,beta_over_H,797.670222861638,782.8829678109649,-0.018538055736396705
run03,1000.0,3.754545454545455,beta_over_H,626.8456299727371,619.8361372123576,-0.01118216738734288
run03,1000.0,3.756666666666667,beta_over_H,791.3217428333421,853.4489359945236,0.07851066108550729
run03,1000.0,3.758787878787879,beta_over_H,691.4878398994636,653.2105598784619,-0.05535495754569857
run03,1000.0,3.760909090909091,beta_over_H,601.8119946368354,790.6756777092336,0.3138250562559298
run03,1000.0,3.763030303030303,beta_over_H,656.9362730507584,711.6941824156437,0.08335345696561111
run03,1000.0,3.765151515151515,beta_over_H,676.8177456546074,719.2294269601499,0.06266337071957623
run03,1000.0,3.767272727272728,beta_over_H,651.0103832705714,739.8435758050847,0.1364543405409751
run03,1000.0,3.76939393939394,beta_over_H,508.4968175917647,751.801274621703,0.47847783626695156
run03,1000.0,3.773636363636364,beta_over_H,639.2123023861203,550.2426294368731,-0.13918642150210758
run03,1000.0,3.775757575757576,beta_over_H,571.4830459505553,523.2752079606513,-0.08435567482097257
run03,1000.0,3.777878787878788,beta_over_H,580.0445296950987,620.1697361652663,0.06917607944903716
run03,1000.0,3.78,beta_over_H,619.9634674230765,683.1762944393514,0.10196218057658081
run03,1000.0,3.782121212121212,beta_over_H,510.8002288820733,538.359753703612,0.05395362661025989
run03,1000.0,3.784242424242424,beta_over_H,447.6218427353325,529.5858827117262,0.1831100097250101
run03,1000.0,3.7863636363636366,beta_over_H,497.1436744066698,582.146564206738,0.17098254322860965
run03,1000.0,3.788484848484849,beta_over_H,487.98034209802427,459.4385471060605,-0.05848964093358977
run03,1000.0,3.790606060606061,beta_over_H,674.0703350979705,482.46836660847,-0.28424625519479774
run03,1000.0,3.792727272727273,beta_over_H,441.418344033328,498.6403162652332,0.12963206673528002
run03,1000.0,3.794848484848485,beta_over_H,492.3315535965073,524.4607629257843,0.06525929344680714
run03,1000.0,3.796969696969697,beta_over_H,425.1893664446508,654.447895252441,0.5391915859157169
run03,1000.0,3.799090909090909,beta_over_H,362.7016597656976,234.89366782146467,-0.3523777421553458
run03,1000.0,3.801212121212121,beta_over_H,407.11262582696384,446.74377301108353,0.09734688798613736
run03,1000.0,3.8033333333333337,beta_over_H,464.2106545058884,444.5453108334192,-0.04236297353709218
run03,1000.0,3.8054545454545456,beta_over_H,382.9858282884804,462.0850877650137,0.20653312377123415
run03,1000.0,3.8075757575757576,beta_over_H,424.1902354348734,387.543921477653,-0.08639122472880865
run03,1000.0,3.8096969696969696,beta_over_H,429.4097885636437,399.4925107244948,-0.06967069367286857
run03,1000.0,3.811818181818182,beta_over_H,422.40532064046,337.1833577868557,-0.2017539995102072
run03,1000.0,3.813939393939394,beta_over_H,288.0126264024436,339.3973863721721,0.17841148359213935
run03,1000.0,3.8160606060606064,beta_over_H,309.1860360324196,294.618950505909,-0.047114306045125426
run03,1000.0,3.8181818181818175,beta_over_H,373.2779673015921,312.67802210063894,-0.1623453579085505
run03,1000.0,3.8203030303030303,beta_over_H,292.4870318276499,297.8370087318798,0.018291330288388318
run03,1000.0,3.8224242424242423,beta_over_H,278.17551470642366,288.0628735750695,0.035543598720687526
run03,1000.0,3.824545454545455,beta_over_H,247.49309876725317,272.15192989135056,0.09963441908853783
run03,1000.0,3.826666666666666,beta_over_H,202.16416010739144,237.43409106370925,0.17446183803094525
run03,1000.0,3.828787878787879,beta_over_H,235.77528124342703,145.93099780296131,-0.38105895989879307
run03,1000.0,3.830909090909091,beta_over_H,231.9554514156792,148.36097095397824,-0.36039023851995716
run03,1000.0,3.833030303030303,beta_over_H,207.02545346431123,131.01304268068506,-0.36716456605530307
run03,1000.0,3.8393939393939394,beta_over_H,84.08844973995855,125.87566905771772,0.496943628369712
run03,1000.0,3.64,Tc_minus_Tn_over_Tc,0.121472475281948,0.119467900739179,-0.016502294352002102
run03,1000.0,3.642121212121212,Tc_minus_Tn_over_Tc,0.122791191360785,0.1207347892586578,-0.016747146756521607
run03,1000.0,3.644242424242425,Tc_minus_Tn_over_Tc,0.124198667282267,0.1220970939518754,-0.016921061846946722
run03,1000.0,3.646363636363637,Tc_minus_Tn_over_Tc,0.1255276216282931,0.1234541202514383,-0.016518287767729324
run03,1000.0,3.648484848484848,Tc_minus_Tn_over_Tc,0.1268977243913424,0.1247708784038931,-0.016760316212529304
run03,1000.0,3.650606060606061,Tc_minus_Tn_over_Tc,0.1282941330694298,0.1262213216618112,-0.01615671237668254
run03,1000.0,3.652727272727273,Tc_minus_Tn_over_Tc,0.1296639461944483,0.1276023547259109,-0.015899496575908424
run03,1000.0,3.656969696969697,Tc_minus_Tn_over_Tc,0.1326660929889439,0.1303336019302045,-0.01758166692173415
run03,1000.0,3.659090909090909,Tc_minus_Tn_over_Tc,0.1341253297585368,0.1317909764541136,-0.017404268892577433
run03,1000.0,3.661212121212121,Tc_minus_Tn_over_Tc,0.1355639611703983,0.1332733150122245,-0.016897161593666766
run03,1000.0,3.6633333333333336,Tc_minus_Tn_over_Tc,0.1370719551007546,0.1348179202395678,-0.016444172402224646
run03,1000.0,3.6654545454545455,Tc_minus_Tn_over_Tc,0.1385902553527522,0.1363325671188452,-0.016290382236186406
run03,1000.0,3.66969696969697,Tc_minus_Tn_over_Tc,0.1416544198991089,0.1394136799286682,-0.015818355488212955
run03,1000.0,3.671818181818182,Tc_minus_Tn_over_Tc,0.1432326267936805,0.1410725276541085,-0.015081055119400518
run03,1000.0,3.673939393939394,Tc_minus_Tn_over_Tc,0.1448993470105265,0.1426502126585977,-0.015522046153633891
run03,1000.0,3.6760606060606063,Tc_minus_Tn_over_Tc,0.1465808145904842,0.1442720588008905,-0.015750736520627664
run03,1000.0,3.678181818181818,Tc_minus_Tn_over_Tc,0.1481542973436968,0.1459352716369736,-0.014977801835713197
run03,1000.0,3.680303030303031,Tc_minus_Tn_over_Tc,0.1498664217676145,0.1475510657677257,-0.015449464747206905
run03,1000.0,3.6824242424242426,Tc_minus_Tn_over_Tc,0.1515803863383436,0.1492750162783211,-0.01520889420928547
run03,1000.0,3.686666666666667,Tc_minus_Tn_over_Tc,0.1551038748679708,0.1525464818284612,-0.016488260152665694
run03,1000.0,3.688787878787879,Tc_minus_Tn_over_Tc,0.156888218907156,0.1545090535803242,-0.01516471627636842
run03,1000.0,3.690909090909091,Tc_minus_Tn_over_Tc,0.1586986826446583,0.1562954581343267,-0.015143317324899739
run03,1000.0,3.6951515151515153,Tc_minus_Tn_over_Tc,0.1624037875263096,0.1599312749037066,-0.015224476351590365
run03,1000.0,3.6972727272727273,Tc_minus_Tn_over_Tc,0.1642801549324142,0.1618704180686751,-0.014668459892373994
run03,1000.0,3.701515151515152,Tc_minus_Tn_over_Tc,0.168160782302029,0.1657263756531454,-0.01447666105948065
run03,1000.0,3.703636363636364,Tc_minus_Tn_over_Tc,0.1701436509612549,0.1676559535938037,-0.01462115896418427
run03,1000.0,3.705757575757576,Tc_minus_Tn_over_Tc,0.1722235772109603,0.1697181451802126,-0.014547555400493902
run03,1000.0,3.707878787878788,Tc_minus_Tn_over_Tc,0.1741594254565825,0.1716913029492841,-0.01417162752362021
run03,1000.0,3.71,Tc_minus_Tn_over_Tc,0.1762962551460669,0.1737465545192759,-0.014462590964728607
run03,1000.0,3.712121212121213,Tc_minus_Tn_over_Tc,0.1783349426438006,0.175842090150735,-0.01397848596640275
run03,1000.0,3.714242424242424,Tc_minus_Tn_over_Tc,0.180480708684807,0.1779488802172096,-0.01402824981155756
run03,1000.0,3.716363636363636,Tc_minus_Tn_over_Tc,0.1827730323951541,0.1801540317745503,-0.014329250799655928
run03,1000.0,3.7184848484848487,Tc_minus_Tn_over_Tc,0.1848866782197344,0.1824006462296445,-0.013446247258200483
run03,1000.0,3.7206060606060607,Tc_minus_Tn_over_Tc,0.1871844130018251,0.1846201983653324,-0.013698868379963343
run03,1000.0,3.7227272727272727,Tc_minus_Tn_over_Tc,0.1894166218791182,0.18690736686377,-0.01324727994013939
run03,1000.0,3.724848484848485,Tc_minus_Tn_over_Tc,0.1917030079022502,0.189254070950223,-0.012774640204268002
run03,1000.0,3.726969696969697,Tc_minus_Tn_over_Tc,0.1940072428408256,0.1915207087419893,-0.012816707574553825
run03,1000.0,3.729090909090909,Tc_minus_Tn_over_Tc,0.1965786531185419,0.1938945292983454,-0.01365419783692323
run03,1000.0,3.7312121212121214,Tc_minus_Tn_over_Tc,0.1990450716437202,0.1963966956565182,-0.013305408495330361
run03,1000.0,3.733333333333333,Tc_minus_Tn_over_Tc,0.201497610851931,0.1988403201824427,-0.013187703110986238
run03,1000.0,3.735454545454546,Tc_minus_Tn_over_Tc,0.2040653846283243,0.2013151037696981,-0.013477449218716991
run03,1000.0,3.7375757575757578,Tc_minus_Tn_over_Tc,0.2067969669232059,0.203907451837486,-0.013972715019524124
run03,1000.0,3.7396969696969697,Tc_minus_Tn_over_Tc,0.2094286709305735,0.2064645613135107,-0.01415331341163597
run03,1000.0,3.741818181818182,Tc_minus_Tn_over_Tc,0.2119859105717131,0.2091152233273511,-0.01354187755506919
run03,1000.0,3.743939393939394,Tc_minus_Tn_over_Tc,0.2148718903980691,0.2117966517540423,-0.01431196346031877
run03,1000.0,3.746060606060606,Tc_minus_Tn_over_Tc,0.2176378266382066,0.2147197513518652,-0.013407941677309246
run03,1000.0,3.7503030303030314,Tc_minus_Tn_over_Tc,0.2233945128181053,0.2204317035031676,-0.013262677214234481
run03,1000.0,3.7524242424242416,Tc_minus_Tn_over_Tc,0.226327825580399,0.2234242987645606,-0.012828854818856374
run03,1000.0,3.754545454545455,Tc_minus_Tn_over_Tc,0.2294187802959806,0.2264820672622139,-0.0128006653595575
run03,1000.0,3.756666666666667,Tc_minus_Tn_over_Tc,0.2325223833694399,0.2294802530338721,-0.013083172000410618
run03,1000.0,3.758787878787879,Tc_minus_Tn_over_Tc,0.2356895298258968,0.2326916891121881,-0.012719447978547039
run03,1000.0,3.760909090909091,Tc_minus_Tn_over_Tc,0.2389419426857133,0.2358703597685948,-0.012854934058850622
run03,1000.0,3.763030303030303,Tc_minus_Tn_over_Tc,0.2423009573424152,0.2391364849339739,-0.013060090406367273
run03,1000.0,3.765151515151515,Tc_minus_Tn_over_Tc,0.2456534748242657,0.2423464625846405,-0.013462102426969371
run03,1000.0,3.767272727272728,Tc_minus_Tn_over_Tc,0.2491906578041798,0.245812907061814,-0.013554885131448681
run03,1000.0,3.76939393939394,Tc_minus_Tn_over_Tc,0.2526866561711418,0.2495323895686961,-0.012482917183839407
run03,1000.0,3.773636363636364,Tc_minus_Tn_over_Tc,0.2600655473877728,0.2567573940153195,-0.01272045992128545
run03,1000.0,3.775757575757576,Tc_minus_Tn_over_Tc,0.2638793743996641,0.2605952242918536,-0.012445649135261286
run03,1000.0,3.777878787878788,Tc_minus_Tn_over_Tc,0.2678371538061467,0.2645099422897552,-0.01242251670132228
run03,1000.0,3.78,Tc_minus_Tn_over_Tc,0.2717943800405334,0.2683188436060773,-0.012787374168435062
run03,1000.0,3.782121212121212,Tc_minus_Tn_over_Tc,0.2759146602156053,0.2723840958649084,-0.012795856327235457
run03,1000.0,3.784242424242424,Tc_minus_Tn_over_Tc,0.2802752702309355,0.2766037141403872,-0.013099821784216271
run03,1000.0,3.7863636363636366,Tc_minus_Tn_over_Tc,0.2845790619805564,0.2808591717433234,-0.013071552809767562
run03,1000.0,3.788484848484849,Tc_minus_Tn_over_Tc,0.2889864442528736,0.2852839106853849,-0.012812135797791536
run03,1000.0,3.790606060606061,Tc_minus_Tn_over_Tc,0.2935115537014247,0.2899335839797592,-0.012190217647463248
run03,1000.0,3.792727272727273,Tc_minus_Tn_over_Tc,0.2979481065100531,0.2945198866061987,-0.011506097299996496
run03,1000.0,3.794848484848485,Tc_minus_Tn_over_Tc,0.3033623555937096,0.2992893052963916,-0.013426353739067825
run03,1000.0,3.796969696969697,Tc_minus_Tn_over_Tc,0.3083230208267133,0.3039457594472792,-0.014196998225099343
run03,1000.0,3.799090909090909,Tc_minus_Tn_over_Tc,0.3135693380348515,0.309391548486797,-0.01332333567509123
run03,1000.0,3.801212121212121,Tc_minus_Tn_over_Tc,0.318834807468739,0.3146734235190788,-0.013051849585363155
run03,1000.0,3.8033333333333337,Tc_minus_Tn_over_Tc,0.3244684330792267,0.3202156706637974,-0.013106860273186744
run03,1000.0,3.8054545454545456,Tc_minus_Tn_over_Tc,0.3300209361857431,0.325844284057762,-0.012655718683345474
run03,1000.0,3.8075757575757576,Tc_minus_Tn_over_Tc,0.3362353886305084,0.3318089147885494,-0.013164806536242604
run03,1000.0,3.8096969696969696,Tc_minus_Tn_over_Tc,0.3422313262230419,0.3377217648958002,-0.013176939051753314
run03,1000.0,3.811818181818182,Tc_minus_Tn_over_Tc,0.3485874756343866,0.344280354353485,-0.012355926652451213
run03,1000.0,3.813939393939394,Tc_minus_Tn_over_Tc,0.3555426222658129,0.3506905235384848,-0.0136470240794381
run03,1000.0,3.8160606060606064,Tc_minus_Tn_over_Tc,0.3626459754851956,0.3575082023744399,-0.014167462092697166
run03,1000.0,3.8181818181818175,Tc_minus_Tn_over_Tc,0.3701271021487258,0.3649258013179465,-0.01405274242438289
run03,1000.0,3.8203030303030303,Tc_minus_Tn_over_Tc,0.377565157877983,0.3725955910108083,-0.013162143708135026
run03,1000.0,3.8224242424242423,Tc_minus_Tn_over_Tc,0.3857284944234693,0.3803170823070307,-0.014029070174156501
run03,1000.0,3.824545454545455,Tc_minus_Tn_over_Tc,0.3946344110690378,0.3886995189155257,-0.015038962612091778
run03,1000.0,3.826666666666666,Tc_minus_Tn_over_Tc,0.4048685598250411,0.3977261907502067,-0.017641204537889737
run03,1000.0,3.828787878787879,Tc_minus_Tn_over_Tc,0.4156849556498518,0.4079044338391933,-0.018717352420164014
run03,1000.0,3.830909090909091,Tc_minus_Tn_over_Tc,0.4276297913173714,0.4192210704762364,-0.01966355247428102
run03,1000.0,3.833030303030303,Tc_minus_Tn_over_Tc,0.4412403299284137,0.4321871656670007,-0.020517535790261464
run03,1000.0,3.8393939393939394,Tc_minus_Tn_over_Tc,0.4952093862486731,0.4822717818478415,-0.02612552338483932
run03,2000.0,6.23,alpha,0.0214288190885408,0.0199993555663532,-0.06670752673216677
run03,2000.0,6.234242424242424,alpha,0.0216035874182288,0.0201730081035282,-0.0662195258132683
run03,2000.0,6.238484848484849,alpha,0.0217878360915859,0.0203389310688811,-0.06650063900858623
run03,2000.0,6.246969696969697,alpha,0.0221658964501128,0.0206948554427487,-0.06636505817280457
run03,2000.0,6.255454545454546,alpha,0.0225536039793135,0.021063449894087,-0.06607166138916384
run03,2000.0,6.25969696969697,alpha,0.0227486410281548,0.0212446550852352,-0.06611322149126175
run03,2000.0,6.263939393939395,alpha,0.0229501008605031,0.0214309951166965,-0.06619168050894998
run03,2000.0,6.2681818181818185,alpha,0.0231504074661466,0.021619964678928,-0.06610867603330968
run03,2000.0,6.2724242424242425,alpha,0.0233587257634548,0.0218158805439159,-0.06605005920111923
run03,2000.0,6.276666666666667,alpha,0.0235709510566752,0.0220116594014396,-0.06615310733480201
run03,2000.0,6.285151515151515,alpha,0.0239934208934489,0.0224101122838296,-0.0659892816722771
run03,2000.0,6.297878787878789,alpha,0.0246674685794538,0.0230326309653681,-0.06627504597076489
run03,2000.0,6.302121212121213,alpha,0.024893878758544,0.0232425815602538,-0.06633346351152476
run03,2000.0,6.306363636363637,alpha,0.0251320094242408,0.0234597254265816,-0.06654000360377932
run03,2000.0,6.310606060606061,alpha,0.0253695330155005,0.0236828126039247,-0.06648606462504585
run03,2000.0,6.319090909090909,alpha,0.0258553595653175,0.0241458374981728,-0.06611867310628541
run03,2000.0,6.327575757575758,alpha,0.0263621601404363,0.0246146214938509,-0.06628966053145588
run03,2000.0,6.331818181818182,alpha,0.0266151181574535,0.0248574242285943,-0.06604118450501642
run03,2000.0,6.336060606060607,alpha,0.0268754879702224,0.0251019522860896,-0.06599082725857285
run03,2000.0,6.340303030303031,alpha,0.027144868710312,0.0253523155778818,-0.06603653720193639
run03,2000.0,6.344545454545455,alpha,0.0274156865027495,0.025600205809051,-0.06622050823044048
run03,2000.0,6.34878787878788,alpha,0.0276896164341404,0.0258541285955016,-0.06628794743345393
run03,2000.0,6.353030303030304,alpha,0.0279637143521641,0.0261172856983725,-0.06602944911174531
run03,2000.0,6.357272727272727,alpha,0.0282481323216519,0.0264020838383027,-0.0653511694978227
run03,2000.0,6.361515151515152,alpha,0.0285489011991584,0.0266583117167389,-0.06622284581920201
run03,2000.0,6.365757575757576,alpha,0.0288441886312255,0.0269361549545818,-0.06614967406565019
run03,2000.0,6.37,alpha,0.0291449235825556,0.0272233885802953,-0.06593034964793722
run03,2000.0,6.374242424242425,alpha,0.0294555298660375,0.0275121982564743,-0.06597510275324829
run03,2000.0,6.378484848484849,alpha,0.0297529254627917,0.0277927145806932,-0.06588296282158512
run03,2000.0,6.391212121212122,alpha,0.0307433353394259,0.0287066528652598,-0.06624793476959592
run03,2000.0,6.3954545454545455,alpha,0.0310764210151488,0.0290201368818041,-0.06616862773040445
run03,2000.0,6.403939393939394,alpha,0.0317512079629287,0.029670280108864,-0.06553854128933602
run03,2000.0,6.408181818181818,alpha,0.0321281799098909,0.0299998241788381,-0.06624576110511539
run03,2000.0,6.412424242424243,alpha,0.032502563806602,0.0303458338007777,-0.06635568869758571
run03,2000.0,6.416666666666667,alpha,0.032884763936449,0.0306868199216572,-0.06683776167709175
run03,2000.0,6.420909090909091,alpha,0.0332570672050323,0.0310389123090584,-0.06669724910795077
run03,2000.0,6.425151515151516,alpha,0.0336598741044678,0.0314146129302324,-0.06670438419546496
run03,2000.0,6.433636363636364,alpha,0.0344485894038739,0.0321611688661358,-0.06640099282210003
run03,2000.0,6.437878787878788,alpha,0.034809203409917,0.0325393747740464,-0.06520771559006536
run03,2000.0,6.442121212121212,alpha,0.0352800706386696,0.0329294966985367,-0.06662611206782822
run03,2000.0,6.446363636363637,alpha,0.0357088589586646,0.0333399641964312,-0.06633913351797545
run03,2000.0,6.454848484848485,alpha,0.0365879698079825,0.0341740727939945,-0.06597515595034054
run03,2000.0,6.463333333333334,alpha,0.0375232816533288,0.0350494638629182,-0.06592754368516544
run03,2000.0,6.467575757575758,alpha,0.038023865413506,0.0355080588501682,-0.06616388249796892
run03,2000.0,6.471818181818183,alpha,0.0385221473598915,0.0359530130664687,-0.06669239566062542
run03,2000.0,6.476060606060607,alpha,0.0390145459776354,0.0364291360353335,-0.06626784645357539
run03,2000.0,6.497272727272728,alpha,0.0417821573976164,0.0389718910368964,-0.06725996300230112
run03,2000.0,6.501515151515152,alpha,0.0423674116511425,0.0395382278206833,-0.06677735835634668
run03,2000.0,6.505757575757576,alpha,0.0429825346108914,0.0400747525783988,-0.0676503156180975
run03,2000.0,6.510000000000001,alpha,0.0435938444255473,0.0406613596402229,-0.06726832248834375
run03,2000.0,6.514242424242425,alpha,0.0442246573326363,0.041263466534777,-0.06695791389827328
run03,2000.0,6.522727272727273,alpha,0.0455792055789827,0.0425050990270925,-0.06744537367074516
run03,2000.0,6.531212121212121,alpha,0.0469607038868359,0.0437821818099718,-0.06768471964397257
run03,2000.0,6.535454545454546,alpha,0.0476972740786218,0.0444960635842318,-0.06711516656304696
run03,2000.0,6.53969696969697,alpha,0.0484548168086233,0.0451870294407899,-0.06743988695158668
run03,2000.0,6.543939393939394,alpha,0.0492508609509482,0.0458944901723634,-0.06814846915930282
run03,2000.0,6.548181818181819,alpha,0.050052454838319,0.0466406928518334,-0.06816372938163334
run03,2000.0,6.552424242424243,alpha,0.0508582280775626,0.0474011244874263,-0.067975305487717
run03,2000.0,6.556666666666667,alpha,0.0516909604460927,0.0481926667972726,-0.06767708741779697
run03,2000.0,6.560909090909092,alpha,0.0525954042168191,0.0490128361080182,-0.06811561128101867
run03,2000.0,6.565151515151515,alpha,0.053502143737343,0.0498653456533784,-0.06797481053878257
run03,2000.0,6.56939393939394,alpha,0.0544326271801049,0.0507081178459216,-0.06842420671447227
run03,2000.0,6.573636363636364,alpha,0.0553981088343261,0.0516370016320902,-0.06789233931222977
run03,2000.0,6.577878787878788,alpha,0.0564032509123741,0.0525203847321275,-0.0688411770144042
run03,2000.0,6.582121212121212,alpha,0.0574193395866947,0.0534820994729437,-0.06856993030730259
run03,2000.0,6.586363636363637,alpha,0.0584973479909549,0.054475249841127,-0.06875693151849918
run03,2000.0,6.590606060606061,alpha,0.0596304794213676,0.0555147380485912,-0.06902076610340971
run03,2000.0,6.594848484848486,alpha,0.0608272433438738,0.0565704650983856,-0.06998144271347984
run03,2000.0,6.6033333333333335,alpha,0.0631755892622063,0.0587932521709495,-0.06936756969639313
run03,2000.0,6.611818181818182,alpha,0.0658748761628364,0.0612697048182712,-0.06990785581412937
run03,2000.0,6.616060606060606,alpha,0.0672190797438885,0.0625806501762504,-0.06900465738761934
run03,2000.0,6.620303030303031,alpha,0.0686197240729213,0.0638527889429607,-0.06946887639616325
run03,2000.0,6.624545454545455,alpha,0.0702183422971214,0.0651807231897842,-0.07174221068935316
run03,2000.0,6.628787878787879,alpha,0.0717205305984689,0.0667261781549496,-0.06963630081713196
run03,2000.0,6.633030303030304,alpha,0.0733686853735058,0.068211096131221,-0.07029687415044311
run03,2000.0,6.637272727272728,alpha,0.0750555836904795,0.0697380968824867,-0.07084731803461158
run03,2000.0,6.641515151515152,alpha,0.0769057273733454,0.0713936300183869,-0.0716734311373138
run03,2000.0,6.65,alpha,0.0806494009672914,0.0749289093368627,-0.07093036726644408
run03,2000.0,6.23,beta_over_H,2653.2093536406646,2671.0831007490247,0.006736651626768213
run03,2000.0,6.234242424242424,beta_over_H,2629.217442527062,2639.2078066125864,0.0037997481394777158
run03,2000.0,6.238484848484849,beta_over_H,2623.541049964892,2665.232984641378,0.015891474111695
run03,2000.0,6.246969696969697,beta_over_H,2657.306054324868,2551.24275866657,-0.039913842624817716
run03,2000.0,6.255454545454546,beta_over_H,2662.0315203567907,2460.600644644032,-0.07566810316572099
run03,2000.0,6.25969696969697,beta_over_H,2663.663064794626,2417.673145663844,-0.09235023842993001
run03,2000.0,6.263939393939395,beta_over_H,2364.142365749622,2441.827785892,0.03285987395168798
run03,2000.0,6.2681818181818185,beta_over_H,2391.8364947982127,2362.142752338722,-0.01241462053282863
run03,2000.0,6.2724242424242425,beta_over_H,2323.721336395877,2330.6242452514234,0.002970626790496632
run03,2000.0,6.276666666666667,beta_over_H,2291.823299335062,2299.2417213166427,0.0032369083531583755
run03,2000.0,6.285151515151515,beta_over_H,2283.729169596455,2309.006236807022,0.011068329619415283
run03,2000.0,6.297878787878789,beta_over_H,2190.364215933634,2138.0292884610103,-0.023893253501822868
run03,2000.0,6.302121212121213,beta_over_H,2145.672328443484,2249.220832585204,0.048259234538778034
run03,2000.0,6.306363636363637,beta_over_H,2118.0747643144687,2097.067370630455,-0.009918154938601875
run03,2000.0,6.310606060606061,beta_over_H,2093.942853348982,2055.6934225302066,-0.01826670233984694
run03,2000.0,6.319090909090909,beta_over_H,2075.6895608401014,2073.7153634148035,-0.0009511043763687341
run03,2000.0,6.327575757575758,beta_over_H,1925.2143963040896,2028.0981792439784,0.05344016912474727
run03,2000.0,6.331818181818182,beta_over_H,1976.349811070425,1981.9122477763333,0.002814500082298502
run03,2000.0,6.336060606060607,beta_over_H,1982.1348394879883,1959.313022564487,-0.011513756011370271
run03,2000.0,6.340303030303031,beta_over_H,1870.335297177393,1911.6292042431576,0.02207834452361731
run03,2000.0,6.344545454545455,beta_over_H,1887.9734784751104,1919.2681026623316,0.016575775318887116
run03,2000.0,6.34878787878788,beta_over_H,1853.9048154991372,1891.20660163785,0.02012065874518481
run03,2000.0,6.353030303030304,beta_over_H,1846.8017721049748,1825.3481697460263,-0.011616624308572002
run03,2000.0,6.357272727272727,beta_over_H,1808.546080515813,1754.5318897345437,-0.029866084897247364
run03,2000.0,6.361515151515152,beta_over_H,1845.945096741012,1743.9392266783784,-0.055259427944375744
run03,2000.0,6.365757575757576,beta_over_H,1747.8712462069336,1728.6182788677093,-0.011015094722225881
run03,2000.0,6.37,beta_over_H,1804.313819449372,1550.0127004812805,-0.1409406258639073
run03,2000.0,6.374242424242425,beta_over_H,2061.9147285336744,1798.5092125923854,-0.12774801610181483
run03,2000.0,6.378484848484849,beta_over_H,1666.912023863091,1735.2431030145208,0.040992612791328716
run03,2000.0,6.391212121212122,beta_over_H,1569.1222551742758,1663.1855961602466,0.05994647050336026
run03,2000.0,6.3954545454545455,beta_over_H,2115.270990580439,1649.4038326347252,-0.22023994089659313
run03,2000.0,6.403939393939394,beta_over_H,1632.282054547441,1700.307657862117,0.04167515235811151
run03,2000.0,6.408181818181818,beta_over_H,1526.357610733195,1639.8114274285952,0.07432977429247517
run03,2000.0,6.412424242424243,beta_over_H,1635.0435935094845,1601.240093997416,-0.02067437201445632
run03,2000.0,6.416666666666667,beta_over_H,1532.9579079190787,1683.3460341751895,0.09810323263230099
run03,2000.0,6.420909090909091,beta_over_H,1644.1470362190648,1515.128434651918,-0.07847144976999275
run03,2000.0,6.425151515151516,beta_over_H,1487.6609723973716,1474.0595616075418,-0.009142816167255511
run03,2000.0,6.433636363636364,beta_over_H,1358.5373192499214,1622.5146508855653,0.19430995961258657
run03,2000.0,6.437878787878788,beta_over_H,1325.5210854288227,1391.3616915539203,0.049671489083704244
run03,2000.0,6.442121212121212,beta_over_H,1418.231307835254,1414.518063141178,-0.0026182221994125376
run03,2000.0,6.446363636363637,beta_over_H,1472.3381326558067,1385.5599057661718,-0.05893906091605746
run03,2000.0,6.454848484848485,beta_over_H,1330.6061712574242,1333.7494655949745,0.0023623025395860526
run03,2000.0,6.463333333333334,beta_over_H,1283.237952061275,1275.6442070062874,-0.005917643756397501
run03,2000.0,6.467575757575758,beta_over_H,1322.2182791202758,1279.7228061938977,-0.03213952915145908
run03,2000.0,6.471818181818183,beta_over_H,1257.559291571795,1297.634590274531,0.031867522248312324
run03,2000.0,6.476060606060607,beta_over_H,1157.3887834407583,1334.278270742132,0.15283497631237233
run03,2000.0,6.497272727272728,beta_over_H,1149.487226938234,1174.0636683263924,0.021380351875348834
run03,2000.0,6.501515151515152,beta_over_H,1131.5629280982598,1169.4605933256714,0.033491434092051436
run03,2000.0,6.505757575757576,beta_over_H,1149.2977282441857,1184.655300478977,0.030764501978793744
run03,2000.0,6.510000000000001,beta_over_H,1094.9938056857984,1107.0540877431868,0.011014018522081915
run03,2000.0,6.514242424242425,beta_over_H,1071.257418335816,1110.6546092113258,0.036776586281860014
run03,2000.0,6.522727272727273,beta_over_H,1092.322737985974,1044.2657104721984,-0.043995264258971
run03,2000.0,6.531212121212121,beta_over_H,996.4853119690862,1017.2086145852408,0.02079639545835821
run03,2000.0,6.535454545454546,beta_over_H,1037.347667322256,1022.2335308935418,-0.014569981602917094
run03,2000.0,6.53969696969697,beta_over_H,1068.7006821668158,1008.0432300356582,-0.056758129889253155
run03,2000.0,6.543939393939394,beta_over_H,995.2653333050872,932.5639343776684,-0.06299968142083216
run03,2000.0,6.548181818181819,beta_over_H,998.9814197325468,871.742894592721,-0.12736825993609657
run03,2000.0,6.552424242424243,beta_over_H,928.1034797416507,951.394841304366,0.02509565158531532
run03,2000.0,6.556666666666667,beta_over_H,928.5961506060452,907.5440300571152,-0.022670910853109207
run03,2000.0,6.560909090909092,beta_over_H,871.6009208627138,998.1344308312076,0.1451736763233918
run03,2000.0,6.565151515151515,beta_over_H,876.5968515393822,874.6182948099821,-0.002257088564629897
run03,2000.0,6.56939393939394,beta_over_H,911.8638162735616,860.8208898479786,-0.0559764797271767
run03,2000.0,6.573636363636364,beta_over_H,963.2236710434298,813.8630723199446,-0.15506325603656265
run03,2000.0,6.577878787878788,beta_over_H,845.7151648413586,899.3495450779486,0.06341896476061284
run03,2000.0,6.582121212121212,beta_over_H,841.5204679742891,858.3714342113329,0.02002442825616298
run03,2000.0,6.586363636363637,beta_over_H,681.4621748271795,890.7678986899064,0.30714210061007025
run03,2000.0,6.590606060606061,beta_over_H,937.3060733269843,803.7019905686383,-0.14254050684224848
run03,2000.0,6.594848484848486,beta_over_H,769.039642182212,834.3300195859414,0.08489858496561073
run03,2000.0,6.6033333333333335,beta_over_H,779.9945547023341,641.9007289728664,-0.1770446022949068
run03,2000.0,6.611818181818182,beta_over_H,726.6436884151589,707.285828053448,-0.026640099777005176
run03,2000.0,6.616060606060606,beta_over_H,814.7312037781967,757.3208665347217,-0.07046537186404904
run03,2000.0,6.620303030303031,beta_over_H,705.5155846479811,784.3560739142224,0.11174875648647647
run03,2000.0,6.624545454545455,beta_over_H,628.5282755764925,645.5306038081995,0.027051015670078307
run03,2000.0,6.628787878787879,beta_over_H,593.029557448851,630.7564412348181,0.06361720644796194
run03,2000.0,6.633030303030304,beta_over_H,608.6448080325392,771.7119762866959,0.26791844126835757
run03,2000.0,6.637272727272728,beta_over_H,644.3708143694878,662.7999490943068,0.0286002008685819
run03,2000.0,6.641515151515152,beta_over_H,642.204376743867,631.4588812430866,-0.01673220533821755
run03,2000.0,6.65,beta_over_H,402.4750143969413,696.4251418438536,0.7303562132604926
run03,2000.0,6.23,Tc_minus_Tn_over_Tc,0.0856060789164029,0.0838059470102889,-0.021028085025035274
run03,2000.0,6.234242424242424,Tc_minus_Tn_over_Tc,0.0864296813305023,0.0847026774734627,-0.0199816062081223
run03,2000.0,6.238484848484849,Tc_minus_Tn_over_Tc,0.0873138757216308,0.0855295858396698,-0.020435353112139606
run03,2000.0,6.246969696969697,Tc_minus_Tn_over_Tc,0.0891228552817695,0.087341120157382,-0.01999189903369215
run03,2000.0,6.255454545454546,Tc_minus_Tn_over_Tc,0.0909599769934777,0.0892091448941587,-0.019248378871561816
run03,2000.0,6.25969696969697,Tc_minus_Tn_over_Tc,0.0918710320851108,0.0901035881591769,-0.019238315776146982
run03,2000.0,6.263939393939395,Tc_minus_Tn_over_Tc,0.0928173055046188,0.091026827317626,-0.01929034868291556
run03,2000.0,6.2681818181818185,Tc_minus_Tn_over_Tc,0.0937447975715032,0.0919589252196672,-0.019050362239822823
run03,2000.0,6.2724242424242425,Tc_minus_Tn_over_Tc,0.0947173870373763,0.0929315179829531,-0.01885471200465526
run03,2000.0,6.276666666666667,Tc_minus_Tn_over_Tc,0.0957048780277554,0.0938918801765369,-0.018943630550291503
run03,2000.0,6.285151515151515,Tc_minus_Tn_over_Tc,0.0976327303585076,0.0958290139157215,-0.018474505794960825
run03,2000.0,6.297878787878789,Tc_minus_Tn_over_Tc,0.100707249928948,0.098825510203306,-0.018685245868292722
run03,2000.0,6.302121212121213,Tc_minus_Tn_over_Tc,0.101719136679258,0.099818111567975,-0.01868896230684038
run03,2000.0,6.306363636363637,Tc_minus_Tn_over_Tc,0.1027947136844964,0.100848389486997,-0.018934088415024707
run03,2000.0,6.310606060606061,Tc_minus_Tn_over_Tc,0.1038538606120844,0.1019071415912236,-0.018744792050939693
run03,2000.0,6.319090909090909,Tc_minus_Tn_over_Tc,0.1060007362772985,0.1040998744638165,-0.017932534058153548
run03,2000.0,6.327575757575758,Tc_minus_Tn_over_Tc,0.1082264404466162,0.1062769166226168,-0.018013378393988793
run03,2000.0,6.331818181818182,Tc_minus_Tn_over_Tc,0.1093156217199158,0.1074006535907968,-0.017517790220554684
run03,2000.0,6.336060606060607,Tc_minus_Tn_over_Tc,0.1104367184268629,0.1085213995503511,-0.0173431346366944
run03,2000.0,6.340303030303031,Tc_minus_Tn_over_Tc,0.1115981201095072,0.109665813004278,-0.01731487146318509
run03,2000.0,6.344545454545455,Tc_minus_Tn_over_Tc,0.1127534071493025,0.1107797074545709,-0.017504568106914278
run03,2000.0,6.34878787878788,Tc_minus_Tn_over_Tc,0.1139121167599247,0.1119177913807183,-0.017507578964663883
run03,2000.0,6.353030303030304,Tc_minus_Tn_over_Tc,0.1150574569803788,0.1130996991685466,-0.017015479597867814
run03,2000.0,6.357272727272727,Tc_minus_Tn_over_Tc,0.1162480600004137,0.1144007366470624,-0.015891218772551702
run03,2000.0,6.361515151515152,Tc_minus_Tn_over_Tc,0.1175176667991384,0.1155078197961552,-0.017102509416039066
run03,2000.0,6.365757575757576,Tc_minus_Tn_over_Tc,0.1187390122203496,0.1167333437439206,-0.01689140274054997
run03,2000.0,6.37,Tc_minus_Tn_over_Tc,0.1199748849345991,0.117999426104774,-0.016465603037685447
run03,2000.0,6.374242424242425,Tc_minus_Tn_over_Tc,0.1212504075960171,0.1192579959781139,-0.016432205527436496
run03,2000.0,6.378484848484849,Tc_minus_Tn_over_Tc,0.1224346541144477,0.1204502694031527,-0.01620770463761074
run03,2000.0,6.391212121212122,Tc_minus_Tn_over_Tc,0.1264264606764557,0.1243514900068427,-0.016412471396499404
run03,2000.0,6.3954545454545455,Tc_minus_Tn_over_Tc,0.1277362628544292,0.1256667105375327,-0.01620176033531695
run03,2000.0,6.403939393939394,Tc_minus_Tn_over_Tc,0.1303473772659159,0.1283727949539514,-0.01514861559459096
run03,2000.0,6.408181818181818,Tc_minus_Tn_over_Tc,0.1318310561088607,0.1297220263054858,-0.015997973964748915
run03,2000.0,6.412424242424243,Tc_minus_Tn_over_Tc,0.1332796463268798,0.1311425002249475,-0.016035052319172332
run03,2000.0,6.416666666666667,Tc_minus_Tn_over_Tc,0.1347466694256797,0.1325149989150959,-0.016561971587837124
run03,2000.0,6.420909090909091,Tc_minus_Tn_over_Tc,0.1361423092790467,0.1339276121890382,-0.016267515232675334
run03,2000.0,6.425151515151516,Tc_minus_Tn_over_Tc,0.1376693850582318,0.135445138802839,-0.01615643343254555
run03,2000.0,6.433636363636364,Tc_minus_Tn_over_Tc,0.1405725148645808,0.1383866948995076,-0.015549412110744995
run03,2000.0,6.437878787878788,Tc_minus_Tn_over_Tc,0.1418294576516269,0.1398501109138164,-0.013955822510950674
run03,2000.0,6.442121212121212,Tc_minus_Tn_over_Tc,0.1435936675904493,0.1413519341516749,-0.015611645529997616
run03,2000.0,6.446363636363637,Tc_minus_Tn_over_Tc,0.1451311255532871,0.1429331331381259,-0.015144872657617433
run03,2000.0,6.454848484848485,Tc_minus_Tn_over_Tc,0.1482344126468729,0.1460861300248831,-0.014492468945841058
run03,2000.0,6.463333333333334,Tc_minus_Tn_over_Tc,0.1514946039908584,0.149339799819057,-0.014223636453291865
run03,2000.0,6.467575757575758,Tc_minus_Tn_over_Tc,0.153231253567419,0.1510265284312272,-0.0143882209723081
run03,2000.0,6.471818181818183,Tc_minus_Tn_over_Tc,0.1549292847588322,0.1526219548875297,-0.01489279366966782
run03,2000.0,6.476060606060607,Tc_minus_Tn_over_Tc,0.1565741742828384,0.1543357587189068,-0.014296199064655934
run03,2000.0,6.497272727272728,Tc_minus_Tn_over_Tc,0.1656457630150151,0.1631932478955483,-0.014805782380588288
run03,2000.0,6.501515151515152,Tc_minus_Tn_over_Tc,0.1674943370953677,0.165121830771673,-0.014164695743378189
run03,2000.0,6.505757575757576,Tc_minus_Tn_over_Tc,0.1694276995928917,0.1668910006358045,-0.014972161949802085
run03,2000.0,6.510000000000001,Tc_minus_Tn_over_Tc,0.1713116818219432,0.1688369495574505,-0.014445788157429237
run03,2000.0,6.514242424242425,Tc_minus_Tn_over_Tc,0.1732361246612297,0.1708111172528935,-0.013998277859646224
run03,2000.0,6.522727272727273,Tc_minus_Tn_over_Tc,0.177326034334719,0.1747998044026455,-0.014246243883766127
run03,2000.0,6.531212121212121,Tc_minus_Tn_over_Tc,0.1813615054701201,0.1787797366985625,-0.01423548379169655
run03,2000.0,6.535454545454546,Tc_minus_Tn_over_Tc,0.1834845008133409,0.1809991849839991,-0.013545099549689452
run03,2000.0,6.53969696969697,Tc_minus_Tn_over_Tc,0.1856393601887723,0.1830896845519213,-0.013734563802947351
run03,2000.0,6.543939393939394,Tc_minus_Tn_over_Tc,0.1878836101883425,0.185200478300047,-0.014280819309389537
run03,2000.0,6.548181818181819,Tc_minus_Tn_over_Tc,0.1901015743787837,0.187409684811201,-0.014160269720959946
run03,2000.0,6.552424242424243,Tc_minus_Tn_over_Tc,0.1922890176748045,0.1896256495613978,-0.013850859220212655
run03,2000.0,6.556666666666667,Tc_minus_Tn_over_Tc,0.1945205345473357,0.1919055847623317,-0.013443052637549047
run03,2000.0,6.560909090909092,Tc_minus_Tn_over_Tc,0.1969356498657669,0.1942365517204855,-0.013705482715400237
run03,2000.0,6.565151515151515,Tc_minus_Tn_over_Tc,0.1993069655849361,0.196628073398982,-0.013441036433884557
run03,2000.0,6.56939393939394,Tc_minus_Tn_over_Tc,0.2017014024926373,0.1989366630684478,-0.013707090729279517
run03,2000.0,6.573636363636364,Tc_minus_Tn_over_Tc,0.2041508122968799,0.2014766545304695,-0.013098932775842106
run03,2000.0,6.577878787878788,Tc_minus_Tn_over_Tc,0.2066650596778622,0.2038159681073049,-0.013786034151095965
run03,2000.0,6.582121212121212,Tc_minus_Tn_over_Tc,0.2091553327808037,0.2063506888356828,-0.013409382910930514
run03,2000.0,6.586363636363637,Tc_minus_Tn_over_Tc,0.2117681493303947,0.2089258030146437,-0.013421972684459058
run03,2000.0,6.590606060606061,Tc_minus_Tn_over_Tc,0.2144756900254707,0.2115820694551357,-0.013491601635557737
run03,2000.0,6.594848484848486,Tc_minus_Tn_over_Tc,0.2172943613297535,0.2142250184685164,-0.014125276157438919
run03,2000.0,6.6033333333333335,Tc_minus_Tn_over_Tc,0.2226119485349331,0.2196456045485214,-0.013325178661495893
run03,2000.0,6.611818181818182,Tc_minus_Tn_over_Tc,0.2285726238737517,0.225504490629205,-0.01342301274994922
run03,2000.0,6.616060606060606,Tc_minus_Tn_over_Tc,0.2314272939869406,0.2285173960941947,-0.012573702274331154
run03,2000.0,6.620303030303031,Tc_minus_Tn_over_Tc,0.2343473352341672,0.2313529394152726,-0.01277759704799932
run03,2000.0,6.624545454545455,Tc_minus_Tn_over_Tc,0.2376605967350786,0.2342599279995046,-0.01430892955034004
run03,2000.0,6.628787878787879,Tc_minus_Tn_over_Tc,0.2406605447363526,0.2376328838478882,-0.012580628419092339
run03,2000.0,6.633030303030304,Tc_minus_Tn_over_Tc,0.2439109800611473,0.2407651010404158,-0.012897652331776376
run03,2000.0,6.637272727272728,Tc_minus_Tn_over_Tc,0.2471571767921634,0.2439130870769978,-0.013125614061749792
run03,2000.0,6.641515151515152,Tc_minus_Tn_over_Tc,0.2506624788115906,0.2472723147409354,-0.013524816664736677
run03,2000.0,6.65,Tc_minus_Tn_over_Tc,0.2574586639495718,0.25420053925083,-0.012654942928546875
