run,c8_over_f4_TeV4,include_daisy,c6_over_f2_TeV2,beta_over_H_raw,beta_over_H_best_fit,fit_degree
run05,0.0,False,3.2,1201.3729429315445,1156.9059770633255,1
run05,0.0,False,3.204040404040404,1036.2307810444615,1142.5921105117573,1
run05,0.0,False,3.2080808080808083,1107.7892565634024,1128.4553428599381,1
run05,0.0,False,3.2121212121212124,1072.4113038193532,1114.4934829444903,1
run05,0.0,False,3.2161616161616164,922.0503992952612,1100.7043667122823,1
run05,0.0,False,3.2202020202020205,1205.0139601628823,1087.0858568850242,1
run05,0.0,False,3.224242424242425,1292.3430667498224,1073.6358426279874,1
run05,0.0,False,3.2282828282828286,1050.995240786309,1060.3522392228365,1
run05,0.0,False,3.2323232323232327,1058.952564702359,1047.2329877444913,1
run05,0.0,False,3.2363636363636363,1020.9154222601028,1034.276054742014,1
run05,0.0,False,3.2404040404040404,1192.5888652701958,1021.4794319234152,1
run05,0.0,False,3.2444444444444445,943.7988203751904,1008.8411358443852,1
run05,0.0,False,3.2484848484848485,996.7817503274432,996.3592076008597,1
run05,0.0,False,3.2525252525252526,1044.6867380682718,984.0317125253921,1
run05,0.0,False,3.2565656565656567,968.6041513353748,971.8567398872908,1
run05,0.0,False,3.2606060606060607,994.9745220929718,959.832402596458,1
run05,0.0,False,3.264646464646465,1077.1797210340187,947.9568369108924,1
run05,0.0,False,3.268686868686869,1063.7823343917507,936.2282021478198,1
run05,0.0,False,3.272727272727273,966.9377212919628,924.6446803983881,1
run05,0.0,False,3.276767676767677,932.370978809587,913.2044762458976,1
run05,0.0,False,3.280808080808081,934.8021771855622,901.9058164875125,1
run05,0.0,False,3.284848484848485,966.0473771297262,890.7469498594245,1
run05,0.0,False,3.288888888888889,1029.7593255827096,879.7261467654076,1
run05,0.0,False,3.2929292929292933,885.8043333625383,868.8416990087364,1
run05,0.0,False,3.2969696969696973,969.6735014228487,858.0919195274173,1
run05,0.0,False,3.3010101010101014,746.3190550337372,847.4751421327024,1
run05,0.0,False,3.305050505050505,575.2741831913445,836.9897212508334,1
run05,0.0,False,3.309090909090909,767.6069788810645,826.6340316679756,1
run05,0.0,False,3.313131313131313,903.8453018164934,816.4064682783247,1
run05,0.0,False,3.317171717171717,736.499526917882,806.3054458353097,1
run05,0.0,False,3.3212121212121213,661.2498962602706,796.32939870589,1
run05,0.0,False,3.3252525252525253,957.6337092576732,786.4767806278837,1
run05,0.0,False,3.3292929292929294,563.3239871799798,776.7460644702992,1
run05,0.0,False,3.333333333333333,793.6851598343371,767.1357419966387,1
run05,0.0,False,3.337373737373737,688.810426664285,757.6443236311177,1
run05,0.0,False,3.3414141414141416,751.3416858884317,748.2703382277924,1
run05,0.0,False,3.3454545454545457,696.5353187123901,739.0123328425329,1
run05,0.0,False,3.3494949494949497,660.5885842352753,729.8688725078183,1
run05,0.0,False,3.353535353535354,715.9589008343871,720.8385400103225,1
run05,0.0,False,3.357575757575758,873.4081083188414,711.9199356712501,1
run05,0.0,False,3.361616161616162,564.8244695476379,703.1116771293866,1
run05,0.0,False,3.3656565656565656,526.0493532965096,694.4123991268419,1
run05,0.0,False,3.3696969696969696,762.9427544662021,685.8207532974303,1
run05,0.0,False,3.3737373737373737,826.0293401921406,677.3354079576858,1
run05,0.0,False,3.3777777777777778,760.1077257781695,668.9550479004497,1
run05,0.0,False,3.381818181818182,608.6836346429839,660.6783741910162,1
run05,0.0,False,3.385858585858586,676.2270489083899,652.5041039658041,1
run05,0.0,False,3.38989898989899,585.2579746638801,644.4309702335134,1
run05,0.0,False,3.393939393939394,402.5763440417525,636.457721678747,1
run05,0.0,False,3.397979797979798,437.1356622020481,628.5831224680563,1
run05,0.0,False,3.402020202020202,641.6452920400742,620.8059520583951,1
run05,0.0,False,3.4060606060606062,666.8053449568346,613.1250050079352,1
run05,0.0,False,3.4101010101010103,803.5647027748827,605.5390907892258,1
run05,0.0,False,3.4141414141414144,504.170053660791,598.0470336046671,1
run05,0.0,False,3.4181818181818184,422.967044616693,590.6476722042624,1
run05,0.0,False,3.4222222222222225,516.1949939394859,583.3398597056292,1
run05,0.0,False,3.4262626262626266,803.3659498136032,576.1224634162321,1
run05,0.0,False,3.43030303030303,542.417427533844,568.9943646578233,1
run05,0.0,False,3.4343434343434343,165.2656700694545,561.9544585930439,1
run05,0.0,False,3.4383838383838383,756.7596487851725,555.0016540541833,1
run05,0.0,False,3.4424242424242424,865.0890795525446,548.1348733740476,1
run05,0.0,False,3.4464646464646465,598.4651950057014,541.3530522189232,1
run05,0.0,False,3.4505050505050505,577.2069691736472,534.6551394236097,1
run05,0.0,False,3.4545454545454546,510.7943803617681,528.0400968284914,1
run05,0.0,False,3.4585858585858587,788.7186431128442,521.506899118625,1
run05,0.0,False,3.4626262626262627,519.3130719335977,515.0545336648172,1
run05,0.0,False,3.466666666666667,283.37140147556045,508.68200036667173,1
run05,0.0,False,3.470707070707071,638.8235175281261,502.3883114975754,1
run05,0.0,False,3.474747474747475,234.81151581150067,496.1724915516033,1
run05,0.0,False,3.478787878787879,581.3723357685229,490.0335770923161,1
run05,0.0,False,3.482828282828283,356.74820108848115,483.9706166034326,1
run05,0.0,False,3.486868686868687,470.3868225408574,477.9826703413457,1
run05,0.0,False,3.490909090909091,421.1355283321723,472.06881018946336,1
run05,0.0,False,3.4949494949494957,412.01975091080567,466.22811951435483,1
run05,0.0,False,3.4989898989898998,386.5021614590869,460.45969302367484,1
run05,0.0,False,3.503030303030303,361.5154783273387,454.76263662584466,1
run05,0.0,False,3.507070707070707,269.9692928550803,449.1360672914671,1
run05,0.0,False,3.511111111111111,473.7509969074764,443.57911291646616,1
run05,0.0,False,3.515151515151515,604.2774553499086,438.090912186907,1
run05,0.0,False,3.519191919191919,478.5269401725689,432.67061444549785,1
run05,0.0,False,3.5232323232323237,580.3930352941577,427.31737955973813,1
run05,0.0,False,3.527272727272728,266.2189909136714,422.03037779170245,1
run05,0.0,False,3.5313131313131314,358.28140643930334,416.80878966943123,1
run05,0.0,True,3.2,1270.6528146515766,1298.72613652242,1
run05,0.0,True,3.204040404040404,1077.5076499005536,1279.4332422637228,1
run05,0.0,True,3.2080808080808083,1388.5585521127384,1260.426948665784,1
run05,0.0,True,3.2121212121212124,1424.9558750742324,1241.7029982057293,1
run05,0.0,True,3.2161616161616164,1168.4521531103965,1223.2571966072194,1
run05,0.0,True,3.2202020202020205,1151.669148663511,1205.0854119009148,1
run05,0.0,True,3.224242424242425,863.309619893876,1187.1835734988915,1
run05,0.0,True,3.2282828282828286,1220.4222990902615,1169.5476712828117,1
run05,0.0,True,3.2323232323232327,923.3083174591266,1152.1737547056136,1
run05,0.0,True,3.2363636363636363,1136.1569643163018,1135.0579319065876,1
run05,0.0,True,3.2404040404040404,1109.6529699162638,1118.1963688395583,1
run05,0.0,True,3.2444444444444445,1205.5766428052148,1101.5852884140504,1
run05,0.0,True,3.2484848484848485,912.03841360687,1085.2209696491877,1
run05,0.0,True,3.2525252525252526,967.8585290104896,1069.099746840177,1
run05,0.0,True,3.2565656565656567,1045.932515353042,1053.2180087371617,1
run05,0.0,True,3.2606060606060607,1036.3013093172597,1037.5721977362884,1
run05,0.0,True,3.264646464646465,1058.1208513032318,1022.1588090827777,1
run05,0.0,True,3.268686868686869,896.7259677483289,1006.9743900858388,1
run05,0.0,True,3.272727272727273,966.6268528289806,992.0155393452469,1
run05,0.0,True,3.276767676767677,966.502094976043,977.2789059894092,1
run05,0.0,True,3.280808080808081,1076.346403981463,962.7611889247494,1
run05,0.0,True,3.284848484848485,1185.2568292643043,948.4591360962444,1
run05,0.0,True,3.288888888888889,887.5786106973724,934.3695437589408,1
run05,0.0,True,3.2929292929292933,1051.3561711332052,920.4892557603022,1
run05,0.0,True,3.2969696969696973,912.5413061853108,906.8151628332088,1
run05,0.0,True,3.3010101010101014,988.0501473204693,893.3442018994643,1
run05,0.0,True,3.305050505050505,796.4949249134984,880.0733553836493,1
run05,0.0,True,3.309090909090909,787.3465416511274,866.9996505371599,1
run05,0.0,True,3.313131313131313,877.0446717557855,854.1201587723046,1
run05,0.0,True,3.317171717171717,751.2437206889023,841.4319950062763,1
run05,0.0,True,3.3212121212121213,721.4478897486765,828.9323170148791,1
run05,0.0,True,3.3252525252525253,930.6936778412976,816.6183247958501,1
run05,0.0,True,3.3292929292929294,837.6214433401329,804.4872599416466,1
run05,0.0,True,3.333333333333333,962.0816101734372,792.5364050215452,1
run05,0.0,True,3.337373737373737,764.7041087968583,780.763082972916,1
run05,0.0,True,3.3414141414141416,712.922431177065,769.1646565015516,1
run05,0.0,True,3.3454545454545457,853.2422068710849,757.7385274908977,1
run05,0.0,True,3.3494949494949497,638.4410399659852,746.4821364200529,1
run05,0.0,True,3.353535353535354,512.9613293114967,735.3929617904242,1
run05,0.0,True,3.357575757575758,779.2998942148017,724.4685195608985,1
run05,0.0,True,3.361616161616162,753.3004728840115,713.7063625913997,1
run05,0.0,True,3.3656565656565656,922.0906903030084,703.1040800947176,1
run05,0.0,True,3.3696969696969696,899.5665658173333,692.6592970964713,1
run05,0.0,True,3.3737373737373737,700.6198087365382,682.3696739031086,1
run05,0.0,True,3.3777777777777778,601.7012229139099,672.2329055777961,1
run05,0.0,True,3.381818181818182,696.0889003188246,662.2467214241004,1
run05,0.0,True,3.385858585858586,935.3872261277066,652.4088844773391,1
run05,0.0,True,3.38989898989899,914.2154366691054,642.7171910034856,1
run05,0.0,True,3.393939393939394,737.04224688156,633.1694700055225,1
run05,0.0,True,3.397979797979798,762.3601873899873,623.7635827371234,1
run05,0.0,True,3.402020202020202,512.9641239139554,614.4974222235616,1
run05,0.0,True,3.4060606060606062,725.2490251482868,605.3689127897346,1
run05,0.0,True,3.4101010101010103,707.4405260536523,596.3760095952015,1
run05,0.0,True,3.4141414141414144,827.6499486635013,587.5166981761256,1
run05,0.0,True,3.4181818181818184,682.9836136288824,578.7889939940238,1
run05,0.0,True,3.4222222222222225,409.9736792679162,570.1909419912158,1
run05,0.0,True,3.4262626262626266,517.2810809790604,561.7206161528825,1
run05,0.0,True,3.43030303030303,505.86151979032695,553.3761190756261,1
run05,0.0,True,3.4343434343434343,647.6033098073729,545.1555815424375,1
run05,0.0,True,3.4383838383838383,199.0301016647275,537.0571621039861,1
run05,0.0,True,3.4424242424242424,355.1901242085336,529.0790466661202,1
run05,0.0,True,3.4464646464646465,439.4442865815525,521.2194480835004,1
run05,0.0,True,3.4505050505050505,460.0649469131379,513.4766057592684,1
run05,0.0,True,3.4545454545454546,398.8758440577983,505.8487852506616,1
run05,0.0,True,3.4585858585858587,642.4843853945272,498.3342778804897,1
run05,0.0,True,3.4626262626262627,749.4983870402573,490.9314003543796,1
run05,0.0,True,3.466666666666667,426.50543918104,483.6384943837075,1
run05,0.0,True,3.470707070707071,463.6508388647987,476.4539263141325,1
run05,0.0,True,3.474747474747475,336.70698266349325,469.3760867596484,1
run05,0.0,True,3.478787878787879,608.8590825389346,462.40339024207145,1
run05,0.0,True,3.482828282828283,349.23016402329426,455.53427483588445,1
run05,0.0,True,3.486868686868687,529.2313688832404,448.7672018183543,1
run05,0.0,True,3.490909090909091,516.5240856679579,442.1006553248515,1
run05,0.0,True,3.4949494949494957,308.4552824844451,435.53314200928514,1
run05,0.0,True,3.4989898989898998,347.4214268101363,429.0631907095877,1
run05,0.0,True,3.503030303030303,636.2024470880692,422.68935211816313,1
run05,0.0,True,3.507070707070707,307.79263580348965,416.4101984572303,1
run05,0.0,True,3.511111111111111,395.699707640984,410.22432315900056,1
run05,0.0,True,3.515151515151515,367.97292436014095,404.1303405505921,1
run05,0.0,True,3.519191919191919,391.6212121781039,398.1268855436329,1
run05,0.0,True,3.5232323232323237,369.3888754134822,392.21261332847064,1
run05,0.0,True,3.527272727272728,364.3036861555421,386.3861990729324,1
run05,0.0,True,3.5313131313131314,366.6252154746013,380.64633762554917,1
run05,2.0,False,3.0,1427.536160543459,1384.0213756512558,1
run05,2.0,False,3.004040404040404,1269.185735250024,1365.6002945270634,1
run05,2.0,False,3.008080808080808,1579.7592647260833,1347.424394753213,1
run05,2.0,False,3.012121212121212,1269.525340480025,1329.490413009046,1
run05,2.0,False,3.0161616161616163,1266.8406804090705,1311.7951294081324,1
run05,2.0,False,3.0202020202020203,1282.5799034070471,1294.3353669201601,1
run05,2.0,False,3.0242424242424244,1214.5922023907806,1277.1079908005333,1
run05,2.0,False,3.0282828282828285,1523.7713588584209,1260.1099080275555,1
run05,2.0,False,3.0323232323232325,1338.848295030189,1243.3380667471035,1
run05,2.0,False,3.036363636363636,1272.1491806999718,1226.7894557247018,1
run05,2.0,False,3.04040404040404,1288.4078739280794,1210.4611038048665,1
run05,2.0,False,3.0444444444444443,1382.395237486087,1194.3500793776777,1
run05,2.0,False,3.0484848484848484,1333.6049540559925,1178.4534898524253,1
run05,2.0,False,3.0525252525252524,1134.3471678620438,1162.768481138276,1
run05,2.0,False,3.0565656565656565,1073.3780035266825,1147.29223713184,1
run05,2.0,False,3.060606060606061,948.1524885477388,1132.021979211568,1
run05,2.0,False,3.0646464646464646,1154.9128687078346,1116.9549657388823,1
run05,2.0,False,3.0686868686868687,933.807171262058,1102.0884915659203,1
run05,2.0,False,3.0727272727272728,1082.0378118246008,1087.419887549872,1
run05,2.0,False,3.076767676767677,1127.135315568083,1072.9465200737445,1
run05,2.0,False,3.080808080808081,1045.9179958697882,1058.6657905735244,1
run05,2.0,False,3.084848484848485,998.5858732504412,1044.5751350716282,1
run05,2.0,False,3.088888888888889,949.4246209079998,1030.6720237165632,1
run05,2.0,False,3.092929292929293,1047.5289872213527,1016.9539603287168,1
run05,2.0,False,3.096969696969697,1076.3814227730843,1003.4184819521861,1
run05,2.0,False,3.101010101010101,995.5448100113316,990.0631584125786,1
run05,2.0,False,3.105050505050505,947.4226317034844,976.8855918806968,1
run05,2.0,False,3.109090909090909,1112.8779964414098,963.8834164420255,1
run05,2.0,False,3.113131313131313,1066.173047610692,951.0542976719579,1
run05,2.0,False,3.117171717171717,835.4334123048586,938.3959322166679,1
run05,2.0,False,3.121212121212121,766.2599486767523,925.9060473795624,1
run05,2.0,False,3.125252525252525,838.9874674137398,913.5824007132433,1
run05,2.0,False,3.129292929292929,850.35720135559,901.4227796168915,1
run05,2.0,False,3.1333333333333333,942.8579836127516,889.4250009390107,1
run05,2.0,False,3.1373737373737374,819.4936769115841,877.5869105854765,1
run05,2.0,False,3.141414141414141,644.620107077446,865.9063831327727,1
run05,2.0,False,3.145454545454545,874.3940880128443,854.381321446396,1
run05,2.0,False,3.1494949494949496,893.1218400592301,843.009656304335,1
run05,2.0,False,3.1535353535353536,854.9822199648482,831.7893460255632,1
run05,2.0,False,3.1575757575757577,900.1997372532932,820.7183761034652,1
run05,2.0,False,3.1616161616161618,872.3579171850346,809.794758844155,1
run05,2.0,False,3.1656565656565654,644.4645704363244,799.0165330096063,1
run05,2.0,False,3.169696969696969,639.0003013769648,788.3817634655204,1
run05,2.0,False,3.173737373737373,785.047037287408,777.8885408338986,1
run05,2.0,False,3.1777777777777776,786.070712345392,767.5349811502269,1
run05,2.0,False,3.1818181818181817,787.9030642257281,757.3192255252311,1
run05,2.0,False,3.1858585858585857,717.2225759796357,747.2394398111223,1
run05,2.0,False,3.18989898989899,636.0761908214698,737.2938142722974,1
run05,2.0,False,3.193939393939394,966.2596519816518,727.480563260416,1
run05,2.0,False,3.197979797979798,914.302123773929,717.7979248938025,1
run05,2.0,False,3.202020202020202,674.4705286632116,708.2441607411183,1
run05,2.0,False,3.206060606060606,838.6701440514321,698.8175555092384,1
run05,2.0,False,3.21010101010101,719.3457524863949,689.5164167352885,1
run05,2.0,False,3.214141414141414,726.903908385322,680.3390744827772,1
run05,2.0,False,3.2181818181818183,728.7046234933664,671.2838810417743,1
run05,2.0,False,3.2222222222222223,430.8443504097047,662.3492106330782,1
run05,2.0,False,3.2262626262626264,522.8213256747053,653.5334591163248,1
run05,2.0,False,3.2303030303030305,613.5099599795121,644.8350437019741,1
run05,2.0,False,3.234343434343434,631.8515132120151,636.2524026671376,1
run05,2.0,False,3.238383838383838,774.8245855536121,627.7839950751822,1
run05,2.0,False,3.242424242424242,544.5484755177929,619.4283004990723,1
run05,2.0,False,3.2464646464646463,537.9055128345176,611.1838187483878,1
run05,2.0,False,3.2505050505050503,945.4257549083944,603.0490695999797,1
run05,2.0,False,3.2545454545454544,628.2386644818961,595.022592532208,1
run05,2.0,False,3.2585858585858585,448.966221699358,587.1029464627205,1
run05,2.0,False,3.2626262626262625,478.4449773580994,579.2887094897164,1
run05,2.0,False,3.2666666666666666,599.3700158484618,571.578478636658,1
run05,2.0,False,3.2707070707070707,708.1676131300369,563.9708696003786,1
run05,2.0,False,3.2747474747474747,472.6285425982677,556.464516502543,1
run05,2.0,False,3.278787878787879,429.8940491756724,549.0580716444176,1
run05,2.0,False,3.282828282828283,232.7618680749476,541.7502052649008,1
run05,2.0,False,3.286868686868687,422.0649861666815,534.5396053017778,1
run05,2.0,False,3.290909090909091,97.50249032197428,527.4249771561508,1
run05,2.0,False,3.294949494949495,612.9940733846125,520.4050434600057,1
run05,2.0,False,3.298989898989899,100.4146977804036,513.4785438468731,1
run05,2.0,False,3.3030303030303028,630.9809825609705,506.6442347255395,1
run05,2.0,False,3.307070707070707,425.0774547279288,499.90088905676913,1
run05,2.0,False,3.311111111111111,661.1262011199249,493.2472961330052,1
run05,2.0,False,3.315151515151515,702.470385779821,486.68226136099594,1
run05,2.0,False,3.319191919191919,623.5163728346032,480.20460604731437,1
run05,2.0,False,3.323232323232323,595.9222829815545,473.8131671867361,1
run05,2.0,False,3.327272727272727,137.8900178759821,467.50679725343196,1
run05,2.0,False,3.3313131313131312,137.97070546298806,461.28436399493916,1
run05,2.0,False,3.3353535353535357,391.4997134856292,455.14475022887694,1
run05,2.0,False,3.33939393939394,342.1087146922872,449.08685364236527,1
run05,2.0,False,3.3434343434343434,461.74278354463166,443.1095865941158,1
run05,2.0,False,3.3474747474747475,451.89594139914624,437.2118759191508,1
run05,2.0,False,3.351515151515152,389.59823936355065,431.39266273613356,1
run05,2.0,False,3.355555555555556,281.27515819315363,425.6509022572502,1
run05,2.0,False,3.35959595959596,130.40659074820127,419.98556360062946,1
run05,2.0,False,3.3636363636363638,431.06779125686967,414.39562960525654,1
run05,2.0,False,3.367676767676768,345.9122286864111,408.88009664834885,1
run05,2.0,False,3.3717171717171714,392.9269685305196,403.43797446516936,1
run05,2.0,False,3.3757575757575755,347.8393169925956,398.06828597122853,1
run05,2.0,False,3.37979797979798,476.05903843255714,392.77006708686,1
run05,2.0,True,3.0,1401.5413770809837,1379.2275057705697,1
run05,2.0,True,3.004040404040404,1240.6314796755564,1362.3636760212412,1
run05,2.0,True,3.008080808080808,1437.8552723034088,1345.7060405021064,1
run05,2.0,True,3.012121212121212,1537.0294998571956,1329.2520780740635,1
run05,2.0,True,3.0161616161616163,1516.776457368955,1312.99929842401,1
run05,2.0,True,3.0202020202020203,1092.2238365902615,1296.9452416879246,1
run05,2.0,True,3.0242424242424244,1281.002137168315,1281.0874780785718,1
run05,2.0,True,3.0282828282828285,1162.4225764362516,1265.42360751775,1
run05,2.0,True,3.0323232323232325,1049.760271736472,1249.9512592730434,1
run05,2.0,True,3.036363636363636,1271.8117628403386,1234.6680915990046,1
run05,2.0,True,3.04040404040404,1284.5244299980436,1219.5717913827316,1
run05,2.0,True,3.0444444444444443,1090.3394067986933,1204.6600737937822,1
run05,2.0,True,3.0484848484848484,1076.1238785155194,1189.9306819383594,1
run05,2.0,True,3.0525252525252524,1488.550638254573,1175.3813865177322,1
run05,2.0,True,3.0565656565656565,990.6802586183755,1161.0099854908276,1
run05,2.0,True,3.060606060606061,1322.3860672411995,1146.8143037409554,1
run05,2.0,True,3.0646464646464646,1136.824022025787,1132.7921927466016,1
run05,2.0,True,3.0686868686868687,1017.121204511414,1118.941530256243,1
run05,2.0,True,3.0727272727272728,1137.662527499098,1105.2602199671524,1
run05,2.0,True,3.076767676767677,1055.74373530218,1091.7461912081203,1
run05,2.0,True,3.080808080808081,1127.80278234145,1078.3973986260544,1
run05,2.0,True,3.084848484848485,963.5142802599382,1065.2118218764172,1
run05,2.0,True,3.088888888888889,1171.4125145710905,1052.1874653174452,1
run05,2.0,True,3.092929292929293,1288.0986153765475,1039.322357708112,1
run05,2.0,True,3.096969696969697,1111.6272343890378,1026.6145519097727,1
run05,2.0,True,3.101010101010101,969.5453412332664,1014.0621245914695,1
run05,2.0,True,3.105050505050505,1027.180162967421,1001.6631759388341,1
run05,2.0,True,3.109090909090909,884.3257215216554,989.4158293665463,1
run05,2.0,True,3.113131313131313,935.812639690482,977.3182312343179,1
run05,2.0,True,3.117171717171717,936.8341816742808,965.3685505663387,1
run05,2.0,True,3.121212121212121,994.905837240978,953.5649787741628,1
run05,2.0,True,3.125252525252525,1003.7047151813686,941.9057293829717,1
run05,2.0,True,3.129292929292929,805.9564718308488,930.389037761196,1
run05,2.0,True,3.1333333333333333,967.9019520247584,919.0131608534318,1
run05,2.0,True,3.1373737373737374,968.074726880168,907.7763769166398,1
run05,2.0,True,3.141414141414141,779.400595718189,896.6769852595473,1
run05,2.0,True,3.145454545454545,766.4447574910841,885.7133059852488,1
run05,2.0,True,3.1494949494949496,902.7732803874476,874.8836797369627,1
run05,2.0,True,3.1535353535353536,921.3731319936542,864.1864674468784,1
run05,2.0,True,3.1575757575757577,862.2080594220853,853.6200500880861,1
run05,2.0,True,3.1616161616161618,929.2197065497636,843.1828284295345,1
run05,2.0,True,3.1656565656565654,834.2856308014485,832.8732227939888,1
run05,2.0,True,3.169696969696969,848.5748534516043,822.6896728189437,1
run05,2.0,True,3.173737373737373,841.6396169187478,812.6306372204633,1
run05,2.0,True,3.1777777777777776,832.0942822301091,802.6945935599073,1
run05,2.0,True,3.1818181818181817,729.0713039922874,792.8800380135126,1
run05,2.0,True,3.1858585858585857,747.5645175443142,783.1854851447814,1
run05,2.0,True,3.18989898989899,828.017980180597,773.6094676796657,1
run05,2.0,True,3.193939393939394,887.0798738270101,764.1505362844927,1
run05,2.0,True,3.197979797979798,810.0246048688788,754.80725934661,1
run05,2.0,True,3.202020202020202,852.6314522296872,745.5782227577066,1
run05,2.0,True,3.206060606060606,701.4672776725585,736.4620296997903,1
run05,2.0,True,3.21010101010101,885.4347491343688,727.4573004337774,1
run05,2.0,True,3.214141414141414,778.5081095841591,718.5626720906686,1
run05,2.0,True,3.2181818181818183,702.5855480828557,709.7767984652803,1
run05,2.0,True,3.2222222222222223,618.1568144425141,701.0983498124929,1
run05,2.0,True,3.2262626262626264,603.1349286633869,692.5260126459951,1
run05,2.0,True,3.2303030303030305,725.0948934583643,684.0584895394868,1
run05,2.0,True,3.234343434343434,567.9032187048255,675.6944989303161,1
run05,2.0,True,3.238383838383838,555.6697161061946,667.4327749255062,1
run05,2.0,True,3.242424242424242,696.1925456282239,659.2720671101715,1
run05,2.0,True,3.2464646464646463,787.9567837158465,651.2111403582632,1
run05,2.0,True,3.2505050505050503,743.6573977633643,643.2487746456302,1
run05,2.0,True,3.2545454545454544,546.6412068575461,635.383764865371,1
run05,2.0,True,3.2585858585858585,400.6185007392134,627.6149206454384,1
run05,2.0,True,3.2626262626262625,379.6623634044754,619.941066168479,1
run05,2.0,True,3.2666666666666666,827.029390128769,612.3610399938694,1
run05,2.0,True,3.2707070707070707,518.8160243497133,604.8736948819338,1
run05,2.0,True,3.2747474747474747,577.7577599188887,597.477897620308,1
run05,2.0,True,3.278787878787879,474.16197958411743,590.1725288524293,1
run05,2.0,True,3.282828282828283,549.6655874331466,582.9564829081182,1
run05,2.0,True,3.286868686868687,448.6300682451632,575.8286676362371,1
run05,2.0,True,3.290909090909091,557.3876347381462,568.7880042393925,1
run05,2.0,True,3.294949494949495,513.8464152822119,561.8334271106576,1
run05,2.0,True,3.298989898989899,733.1779421986367,554.9638836722946,1
run05,2.0,True,3.3030303030303028,820.952637768786,548.1783342164445,1
run05,2.0,True,3.307070707070707,429.57842608665214,541.4757517477663,1
run05,2.0,True,3.311111111111111,532.7699321538806,534.8551218280038,1
run05,2.0,True,3.315151515151515,692.9875923552491,528.3154424224481,1
run05,2.0,True,3.319191919191919,406.1090841346153,521.8557237482788,1
run05,2.0,True,3.323232323232323,672.768347065985,515.4749881247627,1
run05,2.0,True,3.327272727272727,493.93111372151793,509.17226982527774,1
run05,2.0,True,3.3313131313131312,104.28010548906504,502.94661493115257,1
run05,2.0,True,3.3353535353535357,608.2493524043381,496.7970811872887,1
run05,2.0,True,3.33939393939394,382.7436634442663,490.7227378595539,1
run05,2.0,True,3.3434343434343434,758.3306668707812,484.72266559390994,1
run05,2.0,True,3.3474747474747475,443.9108817998516,478.7959562772701,1
run05,2.0,True,3.351515151515152,385.3960931409167,472.94171290005664,1
run05,2.0,True,3.355555555555556,398.4179540364039,467.1590494204399,1
run05,2.0,True,3.35959595959596,385.43032020101714,461.4470906302308,1
run05,2.0,True,3.3636363636363638,376.65849103135446,455.8049720224214,1
run05,2.0,True,3.367676767676768,208.59556025858456,450.2318396603394,1
run05,2.0,True,3.3717171717171714,465.4583320416303,444.726850048407,1
run05,2.0,True,3.3757575757575755,486.2390695640855,439.2891700044745,1
run05,2.0,True,3.37979797979798,558.372006101827,433.91797653371964,1
run05,5.0,False,2.8,1243.6243461416818,1313.4868286220697,3
run05,5.0,False,2.804040404040404,1188.5434727253544,1286.3462916639653,3
run05,5.0,False,2.808080808080808,1209.958799147543,1260.4916070591826,3
run05,5.0,False,2.812121212121212,1322.960688824928,1235.8452657453895,3
run05,5.0,False,2.816161616161616,1300.1279575251815,1212.3346456792801,3
run05,5.0,False,2.82020202020202,1179.1614253193995,1189.8916331704645,3
run05,5.0,False,2.824242424242424,1115.494295782151,1168.4522761095247,3
run05,5.0,False,2.8282828282828283,1200.3489593134873,1147.9564662300581,3
run05,5.0,False,2.8323232323232324,1180.6904718149128,1128.3476478276586,3
run05,5.0,False,2.8363636363636364,1021.212361240548,1109.5725506124702,3
run05,5.0,False,2.8404040404040405,1002.7285569649702,1091.58094459922,3
run05,5.0,False,2.844444444444444,1053.296220210027,1074.325415142508,3
run05,5.0,False,2.848484848484848,1043.8611733695732,1057.7611564080098,3
run05,5.0,False,2.852525252525252,994.332107196899,1041.8457817345866,3
run05,5.0,False,2.8565656565656563,1230.4451107579362,1026.5391494897685,3
run05,5.0,False,2.8606060606060604,1092.5031916528071,1011.8032031538415,3
run05,5.0,False,2.8646464646464644,1019.2263342479748,997.6018244869342,3
run05,5.0,False,2.8686868686868685,930.7016032009112,983.9006987409059,3
run05,5.0,False,2.872727272727273,1006.0091436877628,970.6671909743154,3
run05,5.0,False,2.8767676767676766,877.3740840120064,957.8702326156439,3
run05,5.0,False,2.8808080808080807,1077.140334273397,945.480217498099,3
run05,5.0,False,2.8848484848484848,966.6069526278376,933.468906659705,3
run05,5.0,False,2.888888888888889,1065.2137819923269,921.8093412655693,3
run05,5.0,False,2.892929292929293,876.558957628885,910.4757630661161,3
run05,5.0,False,2.896969696969697,938.1771975622968,899.4435418561299,3
run05,5.0,False,2.901010101010101,864.0513732582585,888.689109445282,3
run05,5.0,False,2.909090909090909,1131.1724862238914,867.9242941882205,3
run05,5.0,False,2.913131313131313,969.9997012029892,857.8715732190324,3
run05,5.0,False,2.9171717171717173,986.5435743717796,848.0118716431107,3
run05,5.0,False,2.921212121212121,826.6126389130999,838.3261393749136,3
run05,5.0,False,2.925252525252525,849.2610070994147,828.796106165207,3
run05,5.0,False,2.929292929292929,758.8479242704717,819.4042504004514,3
run05,5.0,False,2.933333333333333,683.4078560793461,810.1337716581279,3
run05,5.0,False,2.937373737373737,712.1959267813149,800.9685667707574,3
run05,5.0,False,2.9414141414141413,861.5196133220853,791.8932091646467,3
run05,5.0,False,2.9454545454545453,705.82033872995,782.8929312508955,3
run05,5.0,False,2.9494949494949494,530.7788302451376,773.9536096558843,3
run05,5.0,False,2.953535353535353,695.7437053978736,765.0617530866498,3
run05,5.0,False,2.957575757575757,556.1756178480977,756.2044926332532,3
run05,5.0,False,2.9616161616161616,540.238122339531,747.3695743157449,3
run05,5.0,False,2.9656565656565657,605.288287872014,738.5453536876153,3
run05,5.0,False,2.973737373737374,959.1267122240008,720.8854559209454,3
run05,5.0,False,2.977777777777778,887.2989707265119,712.0295140991676,3
run05,5.0,False,2.981818181818182,859.213891387391,703.1437412758871,3
run05,5.0,False,2.985858585858586,590.6987043960991,694.2195188825395,3
run05,5.0,False,2.98989898989899,390.470076750276,685.2488384753983,3
run05,5.0,False,2.993939393939394,653.3966627799283,676.2243056515315,3
run05,5.0,False,2.9979797979797977,779.4209603098802,667.1391445778473,3
run05,5.0,False,3.002020202020202,668.2799207867826,657.9872029537739,3
run05,5.0,False,3.01010101010101,465.0379496186,639.4615178892989,3
run05,5.0,False,3.014141414141414,746.8138317889342,630.0786346532335,3
run05,5.0,False,3.018181818181818,804.0787274414902,620.6107013644596,3
run05,5.0,False,3.022222222222222,805.4352135606042,611.0547604391767,3
run05,5.0,False,3.026262626262626,492.88275864667713,601.4085066713744,3
run05,5.0,False,3.0303030303030303,338.908405345902,591.6702902305972,3
run05,5.0,False,3.0343434343434343,622.6507984421871,581.8391186820196,3
run05,5.0,False,3.0383838383838384,423.5583866822215,571.9146578640883,3
run05,5.0,False,3.0424242424242425,684.9675706361182,561.8972314643348,3
run05,5.0,False,3.0464646464646465,600.193342820243,551.7878191404262,3
run05,5.0,False,3.0505050505050506,781.7605934287877,541.5880530410543,3
run05,5.0,False,3.0545454545454547,677.7601457249058,531.3002125899612,3
run05,5.0,False,3.0585858585858587,424.6092941835447,520.9272174063179,3
run05,5.0,False,3.062626262626263,628.6368940381924,510.4726182457661,3
run05,5.0,False,3.066666666666667,350.59032162481424,499.94058585877855,3
run05,5.0,False,3.070707070707071,452.4405428866842,489.3358976765222,3
run05,5.0,False,3.0747474747474746,512.0634010770667,478.6639222491417,3
run05,5.0,False,3.078787878787879,339.43942162723783,467.9306013772264,3
run05,5.0,False,3.0828282828282827,652.6844629857109,457.1424298942014,3
run05,5.0,False,3.0868686868686868,361.6787489682096,446.3064330752372,3
run05,5.0,False,3.090909090909091,386.03182038268346,435.43014166722537,3
run05,5.0,False,3.094949494949495,389.4030040532688,424.5215645538749,3
run05,5.0,False,3.098989898989899,434.5089700510438,413.58915909032856,3
run05,5.0,False,3.103030303030303,422.2669859653224,402.6417991624376,3
run05,5.0,False,3.107070707070707,433.0352007229527,391.68874104694873,3
run05,5.0,False,3.111111111111111,322.8194261887059,380.73958717011254,3
run05,5.0,False,3.1151515151515152,94.13637105372176,369.80424788343527,3
run05,5.0,False,3.1191919191919197,495.65419992557474,358.8929013962662,3
run05,5.0,False,3.123232323232324,673.2994885864372,348.0159520254201,3
run05,5.0,False,3.1272727272727274,296.57222769451863,337.18398694182423,3
run05,5.0,False,3.1313131313131315,143.98801636337072,326.4077316131121,3
run05,5.0,False,3.135353535353536,264.7564425791913,315.69800415882764,3
run05,5.0,False,3.13939393939394,249.5783902135832,305.0656688512702,3
run05,5.0,False,3.143434343434344,391.01389513339535,294.5215890098143,3
run05,5.0,False,3.147474747474748,265.1721460640412,284.07657954953254,3
run05,5.0,False,3.151515151515152,327.4358706283328,273.74135945587943,3
run05,5.0,False,3.155555555555556,238.5356879931848,263.52650446597545,3
run05,5.0,False,3.1595959595959595,464.62733235813874,253.44240024343537,3
run05,5.0,True,2.8,1308.1907511102147,1241.052640122121,2
run05,5.0,True,2.804040404040404,1307.875110718219,1230.9654057666007,2
run05,5.0,True,2.808080808080808,1278.8394546636137,1220.775182211711,2
run05,5.0,True,2.812121212121212,1168.5095277227688,1210.4858969246447,2
run05,5.0,True,2.816161616161616,1229.086334916038,1200.1014894015457,2
run05,5.0,True,2.82020202020202,1149.3431432279,1189.625908688928,2
run05,5.0,True,2.824242424242424,1133.3611320207096,1179.0631109189671,2
run05,5.0,True,2.8282828282828283,1241.3795345187966,1168.4170568607703,2
run05,5.0,True,2.8323232323232324,1108.4196735400506,1157.691709489715,2
run05,5.0,True,2.8363636363636364,1129.735093647549,1146.8910315768815,2
run05,5.0,True,2.8404040404040405,1214.4738201075663,1136.0189833005843,2
run05,5.0,True,2.844444444444444,1143.4771984579916,1125.079519881966,2
run05,5.0,True,2.848484848484848,1105.5659943741389,1114.0765892465565,2
run05,5.0,True,2.852525252525252,1036.1756315142188,1103.0141297136809,2
run05,5.0,True,2.8565656565656563,1096.180824508932,1091.8960677155173,2
run05,5.0,True,2.8606060606060604,944.0268894169228,1080.7263155476162,2
run05,5.0,True,2.8646464646464644,1072.7147437216024,1069.5087691525462,2
run05,5.0,True,2.8686868686868685,1079.6208170938637,1058.247305938389,2
run05,5.0,True,2.872727272727273,1154.503958902036,1046.9457826336788,2
run05,5.0,True,2.8767676767676766,1062.7294232411064,1035.6080331803425,2
run05,5.0,True,2.8808080808080807,953.0007630839468,1024.2378666661439,2
run05,5.0,True,2.8848484848484848,895.3181286037313,1012.8390652981064,2
run05,5.0,True,2.888888888888889,724.16909579812,1001.4153824182666,2
run05,5.0,True,2.892929292929293,1000.0591490161808,989.9705405631067,2
run05,5.0,True,2.896969696969697,1162.2971984639178,978.5082295679352,2
run05,5.0,True,2.901010101010101,902.3485205536588,967.0321047174148,2
run05,5.0,True,2.905050505050505,981.057607101069,955.5457849433818,2
run05,5.0,True,2.909090909090909,961.8443024586204,944.0528510710468,2
run05,5.0,True,2.913131313131313,897.5224709245282,932.5568441145845,2
run05,5.0,True,2.9171717171717173,902.9588634174364,921.0612636230635,2
run05,5.0,True,2.921212121212121,978.3399641612764,909.5695660776297,2
run05,5.0,True,2.925252525252525,842.2361750462314,898.08516334072,2
run05,5.0,True,2.929292929292929,899.610793680362,886.6114211581232,2
run05,5.0,True,2.933333333333333,875.7187854015384,875.1516577145316,2
run05,5.0,True,2.937373737373737,903.3184036902828,863.7091422432476,2
run05,5.0,True,2.9414141414141413,783.3139112050466,852.2870936905861,2
run05,5.0,True,2.9454545454545453,945.4903313306672,840.8886794354844,2
run05,5.0,True,2.9494949494949494,832.861170178885,829.5170140647538,2
run05,5.0,True,2.953535353535353,837.5907198034132,818.1751582043368,2
run05,5.0,True,2.957575757575757,762.1660676870168,806.8661174068749,2
run05,5.0,True,2.9616161616161616,678.5256416743005,795.5928410958447,2
run05,5.0,True,2.9656565656565657,734.7025616983937,784.3582215664245,2
run05,5.0,True,2.9696969696969697,655.6816196454917,773.1650930432141,2
run05,5.0,True,2.973737373737374,546.3298711427811,762.0162307948714,2
run05,5.0,True,2.977777777777778,809.0104639890517,750.9143503056506,2
run05,5.0,True,2.981818181818182,999.8407044813648,739.8621065037922,2
run05,5.0,True,2.985858585858586,626.8173474445387,728.8620930466169,2
run05,5.0,True,2.98989898989899,589.0447134489468,717.9168416621742,2
run05,5.0,True,2.993939393939394,713.3882719262108,707.0288215471771,2
run05,5.0,True,2.9979797979797977,665.3916594178094,696.2004388209531,2
run05,5.0,True,3.002020202020202,873.5088717751746,685.4340360350403,2
run05,5.0,True,3.006060606060606,846.5858365214012,674.731891738057,2
run05,5.0,True,3.01010101010101,896.562206368877,664.0962200953578,2
run05,5.0,True,3.014141414141414,695.8568886154833,653.5291705629936,2
run05,5.0,True,3.018181818181818,428.3744266897452,643.0328276154172,2
run05,5.0,True,3.022222222222222,665.4403356088612,632.6092105263273,2
run05,5.0,True,3.026262626262626,340.53388744341606,622.260273202011,2
run05,5.0,True,3.0303030303030303,435.3690062202133,611.9879040664862,2
run05,5.0,True,3.0343434343434343,376.8575409158643,601.7939259977098,2
run05,5.0,True,3.0383838383838384,851.771435566917,591.6800963140735,2
run05,5.0,True,3.0424242424242425,707.3282012539294,581.6481068103689,2
run05,5.0,True,3.0464646464646465,544.4291972553282,571.6995838423708,2
run05,5.0,True,3.0505050505050506,751.6116840677801,561.8360884591334,2
run05,5.0,True,3.0545454545454547,466.8631601513316,552.0591165820841,2
run05,5.0,True,3.0585858585858587,469.7401314509643,542.3700992299462,2
run05,5.0,True,3.062626262626263,384.38222311692505,532.7704027884989,2
run05,5.0,True,3.066666666666667,314.07773030525493,523.2613293241501,2
run05,5.0,True,3.070707070707071,309.1245277701612,513.8441169402731,2
run05,5.0,True,3.0747474747474746,442.2946077524135,504.519940175229,2
run05,5.0,True,3.078787878787879,739.1241548767459,495.2899104409633,2
run05,5.0,True,3.0828282828282827,578.5499664044333,486.1550765010776,2
run05,5.0,True,3.0868686868686868,317.2463021898911,477.11642498718487,2
run05,5.0,True,3.090909090909091,599.5959771745376,468.1748809524369,2
run05,5.0,True,3.094949494949495,509.6815169956935,459.3313084609923,2
run05,5.0,True,3.098989898989899,673.5127374535707,450.58651121225546,2
run05,5.0,True,3.103030303030303,496.70692491645,441.9412331986622,2
run05,5.0,True,3.107070707070707,407.93162934701377,433.3961593957875,2
run05,5.0,True,3.111111111111111,393.019944315301,424.95191648353745,2
run05,5.0,True,3.1151515151515152,422.9964754575472,416.6090735971839,2
run05,5.0,True,3.1191919191919197,400.49734493555417,408.368143106984,2
run05,5.0,True,3.123232323232324,428.9092796405403,400.2295814251313,2
run05,5.0,True,3.1272727272727274,402.9032478845072,392.193789838768,2
run05,5.0,True,3.1313131313131315,377.24810343936593,384.2611153677994,2
run05,5.0,True,3.135353535353536,356.4359304669342,376.4318516462475,2
run05,5.0,True,3.13939393939394,464.95220717218655,368.70623982586943,2
run05,5.0,True,3.143434343434344,290.37996949078126,361.08446950077877,2
run05,5.0,True,3.147474747474748,340.4690762466653,353.5666796518178,2
run05,5.0,True,3.151515151515152,338.45656766937776,346.1529596094189,2
run05,5.0,True,3.155555555555556,293.42813216513974,338.8433500337063,2
run05,5.0,True,3.1595959595959595,211.9387525967961,331.63784391060716,2
