run,c8_over_f4_TeV4,c6_over_f2_TeV2,observable,no_daisy,with_daisy,relative_difference
run05,0.0,3.2,alpha,0.0235124301801553,0.0211585091356391,-0.10011389832867773
run05,0.0,3.204040404040404,alpha,0.0236727729552099,0.0213342317387599,-0.09878611267360354
run05,0.0,3.2080808080808083,alpha,0.0239147455697233,0.021552992819967,-0.09875717652402465
run05,0.0,3.2121212121212124,alpha,0.0241050665861104,0.0217439949218923,-0.09794918656555693
run05,0.0,3.2161616161616164,alpha,0.0243344777939111,0.0219559914619312,-0.09774141660747035
run05,0.0,3.2202020202020205,alpha,0.0245658837352218,0.0221516241679832,-0.09827692719139232
run05,0.0,3.224242424242425,alpha,0.0247979540076102,0.0223523540747857,-0.09862103672238344
run05,0.0,3.2282828282828286,alpha,0.0250410881557897,0.0225694894466438,-0.09870172948432542
run05,0.0,3.2323232323232327,alpha,0.0252956682896614,0.0227620378993048,-0.10016064257895572
run05,0.0,3.2363636363636363,alpha,0.0255296605786993,0.0229943062510134,-0.09931014632451772
run05,0.0,3.2404040404040404,alpha,0.0257636571616066,0.0232204002647992,-0.09871490219165782
run05,0.0,3.2444444444444445,alpha,0.0260107906041808,0.0234464218111113,-0.09858865238249699
run05,0.0,3.2484848484848485,alpha,0.0262693158437302,0.0236675171450241,-0.09904326074510553
run05,0.0,3.2525252525252526,alpha,0.0265279362313118,0.0239228938781504,-0.09819996287862692
run05,0.0,3.2565656565656567,alpha,0.0267519796836346,0.0241364179849271,-0.09777077172002932
run05,0.0,3.2606060606060607,alpha,0.0270520915099121,0.0243646449386728,-0.09934339347678892
run05,0.0,3.264646464646465,alpha,0.0273257245185955,0.0246047540959528,-0.09957541732483777
run05,0.0,3.268686868686869,alpha,0.0275910032707556,0.0248528466793822,-0.09924092156067559
run05,0.0,3.272727272727273,alpha,0.0278642055585713,0.0251041598096027,-0.09905345204143402
run05,0.0,3.276767676767677,alpha,0.02813708370662,0.0253628823958499,-0.09859590779542632
run05,0.0,3.280808080808081,alpha,0.0284316127049407,0.0256109628416055,-0.09920822616034868
run05,0.0,3.284848484848485,alpha,0.0287500707461334,0.0258922270099104,-0.09940301578587778
run05,0.0,3.288888888888889,alpha,0.0290415539805752,0.0261419475078245,-0.09984336494838177
run05,0.0,3.2929292929292933,alpha,0.0293319231685532,0.0264159295601009,-0.0994136522073854
run05,0.0,3.2969696969696973,alpha,0.0296462288629263,0.0266919670689637,-0.09965050892719152
run05,0.0,3.3010101010101014,alpha,0.029962971516555,0.0269491738506078,-0.10058407138564454
run05,0.0,3.305050505050505,alpha,0.0303087118831625,0.0272764699754723,-0.10004522525995935
run05,0.0,3.309090909090909,alpha,0.0306294304260788,0.0275574623722267,-0.10029465161835126
run05,0.0,3.313131313131313,alpha,0.0309362667254783,0.0278563015237867,-0.09955839949993123
run05,0.0,3.317171717171717,alpha,0.0313040314317026,0.0281592642334834,-0.1004588563961891
run05,0.0,3.3212121212121213,alpha,0.0316621140422472,0.0284545536435802,-0.10130594547120589
run05,0.0,3.3252525252525253,alpha,0.0320196008398348,0.0287954051674844,-0.10069443677571574
run05,0.0,3.3292929292929294,alpha,0.0323797471622112,0.0290944862765958,-0.1014603625271499
run05,0.0,3.333333333333333,alpha,0.0327103059191604,0.0294376432011823,-0.10004989638635899
run05,0.0,3.337373737373737,alpha,0.0331555491877985,0.0297710748659988,-0.10207866872086718
run05,0.0,3.3414141414141416,alpha,0.0334900114043462,0.0301260373026022,-0.10044708737565367
run05,0.0,3.3454545454545457,alpha,0.0339144066676717,0.0304501583318936,-0.10214680650982252
run05,0.0,3.3494949494949497,alpha,0.034290671431195,0.0308473121652251,-0.10041679332173697
run05,0.0,3.353535353535354,alpha,0.0347026403821632,0.0311385885023204,-0.1027026139969074
run05,0.0,3.357575757575758,alpha,0.0351417827696706,0.0315358664318764,-0.10261051243269076
run05,0.0,3.361616161616162,alpha,0.0355606438382255,0.0319151649575253,-0.10251442289077838
run05,0.0,3.3656565656565656,alpha,0.0359991415410292,0.0323322699129643,-0.10185997418537517
run05,0.0,3.3696969696969696,alpha,0.036380007269484,0.0327303492832501,-0.1003204303726259
run05,0.0,3.3737373737373737,alpha,0.0368648906020619,0.0331396769386767,-0.1010504467135688
run05,0.0,3.3777777777777778,alpha,0.03735104179883,0.0335346705189729,-0.10217576528150925
run05,0.0,3.381818181818182,alpha,0.0378769351144135,0.0338931634872927,-0.1051767154625146
run05,0.0,3.385858585858586,alpha,0.0383878829111284,0.0343777139162087,-0.10446444791455729
run05,0.0,3.38989898989899,alpha,0.0388579681418232,0.0348418071185454,-0.10335489000916567
run05,0.0,3.393939393939394,alpha,0.039349814974595,0.0353314259644685,-0.10211964180062474
run05,0.0,3.397979797979798,alpha,0.0398487041901094,0.0357341573212939,-0.10325421999134288
run05,0.0,3.402020202020202,alpha,0.0404255455955656,0.0362560470540102,-0.10314019217622541
run05,0.0,3.4060606060606062,alpha,0.0410164557301011,0.0367141111650313,-0.10489313346283105
run05,0.0,3.4101010101010103,alpha,0.0414950887454748,0.0372315907937817,-0.10274704984594227
run05,0.0,3.4141414141414144,alpha,0.0422166275067302,0.0377699843496663,-0.10532918946107218
run05,0.0,3.4181818181818184,alpha,0.0427201709887897,0.0382662485829286,-0.10425806598550051
run05,0.0,3.4222222222222225,alpha,0.0433157179311802,0.0387918702789714,-0.10443893967996248
run05,0.0,3.4262626262626266,alpha,0.0439958564802956,0.0393488006907703,-0.10562485109493384
run05,0.0,3.43030303030303,alpha,0.0446930521791735,0.0399079129069439,-0.10706673719767625
run05,0.0,3.4343434343434343,alpha,0.0454148885848882,0.0405515159861303,-0.10708762589315673
run05,0.0,3.4383838383838383,alpha,0.0460249353929652,0.0411245577515725,-0.10647223292228046
run05,0.0,3.4424242424242424,alpha,0.0467962045789397,0.0417284046721149,-0.10829510539206266
run05,0.0,3.4464646464646465,alpha,0.0475750213704288,0.0423452014328492,-0.10992785261953239
run05,0.0,3.4505050505050505,alpha,0.0483172178801035,0.0430368986380639,-0.10928442227659758
run05,0.0,3.4545454545454546,alpha,0.0490705892657129,0.0437229495720518,-0.10897850980969692
run05,0.0,3.4585858585858587,alpha,0.0498308772846681,0.0443937980000145,-0.1091106474725154
run05,0.0,3.4626262626262627,alpha,0.0506793486515641,0.0451114030084179,-0.10986616425217925
run05,0.0,3.466666666666667,alpha,0.0514859938592334,0.0458861880760548,-0.10876367266967576
run05,0.0,3.470707070707071,alpha,0.0523747706984682,0.0465996663467377,-0.11026500497689827
run05,0.0,3.474747474747475,alpha,0.053212550565278,0.0473999307381076,-0.10923400147940329
run05,0.0,3.478787878787879,alpha,0.054146963820862,0.0483475935515662,-0.10710425590033539
run05,0.0,3.482828282828283,alpha,0.0550114439740992,0.0492133209613469,-0.10539848791248235
run05,0.0,3.486868686868687,alpha,0.0560086656279723,0.0499090313536755,-0.10890518825805541
run05,0.0,3.490909090909091,alpha,0.0570091145062645,0.0507201802025429,-0.11031454107273556
run05,0.0,3.4949494949494957,alpha,0.0580884782207838,0.0517644800451201,-0.10886837406253491
run05,0.0,3.4989898989898998,alpha,0.0591990502404353,0.052640137417872,-0.11079422382495091
run05,0.0,3.503030303030303,alpha,0.0603756170127942,0.0536359334238091,-0.11162922918960634
run05,0.0,3.507070707070707,alpha,0.0615901826080752,0.0546320145691846,-0.11297527859542832
run05,0.0,3.511111111111111,alpha,0.0630696893576514,0.055660785255199,-0.11747170753352672
run05,0.0,3.515151515151515,alpha,0.0643698735584419,0.0567909549563168,-0.1177401505262262
run05,0.0,3.519191919191919,alpha,0.0654055942953848,0.0579319893802289,-0.11426553027564579
run05,0.0,3.5232323232323237,alpha,0.0668724682031521,0.0591526574475289,-0.11544079294592742
run05,0.0,3.527272727272728,alpha,0.068310935425835,0.0603681791278599,-0.11627356950189224
run05,0.0,3.5313131313131314,alpha,0.0699109376981325,0.0616678590163247,-0.11790828378529958
run05,0.0,3.2,beta_over_H,1201.3729429315445,1270.6528146515766,0.057667248232657904
run05,0.0,3.204040404040404,beta_over_H,1036.2307810444615,1077.5076499005536,0.03983366409410008
run05,0.0,3.2080808080808083,beta_over_H,1107.7892565634024,1388.5585521127384,0.25345009791875217
run05,0.0,3.2121212121212124,beta_over_H,1072.4113038193532,1424.9558750742324,0.32874007388704757
run05,0.0,3.2161616161616164,beta_over_H,922.0503992952612,1168.4521531103965,0.26723241376335216
run05,0.0,3.2202020202020205,beta_over_H,1205.0139601628823,1151.669148663511,-0.04426904024594103
run05,0.0,3.224242424242425,beta_over_H,1292.3430667498224,863.309619893876,-0.33198107986522796
run05,0.0,3.2282828282828286,beta_over_H,1050.995240786309,1220.4222990902615,0.1612063040144639
run05,0.0,3.2323232323232327,beta_over_H,1058.952564702359,923.3083174591266,-0.12809284548204306
run05,0.0,3.2363636363636363,beta_over_H,1020.9154222601028,1136.1569643163018,0.11288059671101576
run05,0.0,3.2404040404040404,beta_over_H,1192.5888652701958,1109.6529699162638,-0.06954273829744488
run05,0.0,3.2444444444444445,beta_over_H,943.7988203751904,1205.5766428052148,0.27736612589318477
run05,0.0,3.2484848484848485,beta_over_H,996.7817503274432,912.03841360687,-0.08501694246783209
run05,0.0,3.2525252525252526,beta_over_H,1044.6867380682718,967.8585290104896,-0.0735418630850479
run05,0.0,3.2565656565656567,beta_over_H,968.6041513353748,1045.932515353042,0.07983484678550849
run05,0.0,3.2606060606060607,beta_over_H,994.9745220929718,1036.3013093172597,0.041535523077872546
run05,0.0,3.264646464646465,beta_over_H,1077.1797210340187,1058.1208513032318,-0.017693305359008895
run05,0.0,3.268686868686869,beta_over_H,1063.7823343917507,896.7259677483289,-0.1570399895190413
run05,0.0,3.272727272727273,beta_over_H,966.9377212919628,966.6268528289806,-0.00032149791670843867
run05,0.0,3.276767676767677,beta_over_H,932.370978809587,966.502094976043,0.036606798090212216
run05,0.0,3.280808080808081,beta_over_H,934.8021771855622,1076.346403981463,0.1514162357024589
run05,0.0,3.284848484848485,beta_over_H,966.0473771297262,1185.2568292643043,0.22691376978413083
run05,0.0,3.288888888888889,beta_over_H,1029.7593255827096,887.5786106973724,-0.13807179148863885
run05,0.0,3.2929292929292933,beta_over_H,885.8043333625383,1051.3561711332052,0.18689436429174766
run05,0.0,3.2969696969696973,beta_over_H,969.6735014228487,912.5413061853108,-0.05891900227623541
run05,0.0,3.3010101010101014,beta_over_H,746.3190550337372,988.0501473204693,0.3238977896334225
run05,0.0,3.305050505050505,beta_over_H,575.2741831913445,796.4949249134984,0.3845483565678675
run05,0.0,3.309090909090909,beta_over_H,767.6069788810645,787.3465416511274,0.0257157156111805
run05,0.0,3.313131313131313,beta_over_H,903.8453018164934,877.0446717557855,-0.029651788870114763
run05,0.0,3.317171717171717,beta_over_H,736.499526917882,751.2437206889023,0.020019284781786707
run05,0.0,3.3212121212121213,beta_over_H,661.2498962602706,721.4478897486765,0.09103667740268613
run05,0.0,3.3252525252525253,beta_over_H,957.6337092576732,930.6936778412976,-0.02813187459457612
run05,0.0,3.3292929292929294,beta_over_H,563.3239871799798,837.6214433401329,0.4869266397358581
run05,0.0,3.333333333333333,beta_over_H,793.6851598343371,962.0816101734372,0.21217034015635217
run05,0.0,3.337373737373737,beta_over_H,688.810426664285,764.7041087968583,0.11018079749475489
run05,0.0,3.3414141414141416,beta_over_H,751.3416858884317,712.922431177065,-0.051134198238897664
run05,0.0,3.3454545454545457,beta_over_H,696.5353187123901,853.2422068710849,0.2249805342942006
run05,0.0,3.3494949494949497,beta_over_H,660.5885842352753,638.4410399659852,-0.03352698608155495
run05,0.0,3.353535353535354,beta_over_H,715.9589008343871,512.9613293114967,-0.2835324364098479
run05,0.0,3.357575757575758,beta_over_H,873.4081083188414,779.2998942148017,-0.10774827163578962
run05,0.0,3.361616161616162,beta_over_H,564.8244695476379,753.3004728840115,0.3336895150582304
run05,0.0,3.3656565656565656,beta_over_H,526.0493532965096,922.0906903030084,0.7528596595066408
run05,0.0,3.3696969696969696,beta_over_H,762.9427544662021,899.5665658173333,0.17907478713356537
run05,0.0,3.3737373737373737,beta_over_H,826.0293401921406,700.6198087365382,-0.1518221270765409
run05,0.0,3.3777777777777778,beta_over_H,760.1077257781695,601.7012229139099,-0.2084000694797426
run05,0.0,3.381818181818182,beta_over_H,608.6836346429839,696.0889003188246,0.14359720009082755
run05,0.0,3.385858585858586,beta_over_H,676.2270489083899,935.3872261277066,0.38324432250627977
run05,0.0,3.38989898989899,beta_over_H,585.2579746638801,914.2154366691054,0.562072583793752
run05,0.0,3.393939393939394,beta_over_H,402.5763440417525,737.04224688156,0.8308136029103561
run05,0.0,3.397979797979798,beta_over_H,437.1356622020481,762.3601873899873,0.7439899173397057
run05,0.0,3.402020202020202,beta_over_H,641.6452920400742,512.9641239139554,-0.20054876069765032
run05,0.0,3.4060606060606062,beta_over_H,666.8053449568346,725.2490251482868,0.08764728812309622
run05,0.0,3.4101010101010103,beta_over_H,803.5647027748827,707.4405260536523,-0.11962219892099887
run05,0.0,3.4141414141414144,beta_over_H,504.170053660791,827.6499486635013,0.641608704551004
run05,0.0,3.4181818181818184,beta_over_H,422.967044616693,682.9836136288824,0.614744274575399
run05,0.0,3.4222222222222225,beta_over_H,516.1949939394859,409.9736792679162,-0.20577749865590936
run05,0.0,3.4262626262626266,beta_over_H,803.3659498136032,517.2810809790604,-0.3561077848780124
run05,0.0,3.43030303030303,beta_over_H,542.417427533844,505.86151979032695,-0.06739441966258759
run05,0.0,3.4343434343434343,beta_over_H,165.2656700694545,647.6033098073729,2.918559187369109
run05,0.0,3.4383838383838383,beta_over_H,756.7596487851725,199.0301016647275,-0.7369969421807427
run05,0.0,3.4424242424242424,beta_over_H,865.0890795525446,355.1901242085336,-0.5894178615776183
run05,0.0,3.4464646464646465,beta_over_H,598.4651950057014,439.4442865815525,-0.26571454739758754
run05,0.0,3.4505050505050505,beta_over_H,577.2069691736472,460.0649469131379,-0.20294630611999462
run05,0.0,3.4545454545454546,beta_over_H,510.7943803617681,398.8758440577983,-0.21910682773115855
run05,0.0,3.4585858585858587,beta_over_H,788.7186431128442,642.4843853945272,-0.18540738068669552
run05,0.0,3.4626262626262627,beta_over_H,519.3130719335977,749.4983870402573,0.4432496071196382
run05,0.0,3.466666666666667,beta_over_H,283.37140147556045,426.50543918104,0.5051110908163549
run05,0.0,3.470707070707071,beta_over_H,638.8235175281261,463.6508388647987,-0.2742113805408157
run05,0.0,3.474747474747475,beta_over_H,234.81151581150067,336.70698266349325,0.4339457820024086
run05,0.0,3.478787878787879,beta_over_H,581.3723357685229,608.8590825389346,0.04727907586809506
run05,0.0,3.482828282828283,beta_over_H,356.74820108848115,349.23016402329426,-0.0210737911004133
run05,0.0,3.486868686868687,beta_over_H,470.3868225408574,529.2313688832404,0.1250982032713551
run05,0.0,3.490909090909091,beta_over_H,421.1355283321723,516.5240856679579,0.22650322976442752
run05,0.0,3.4949494949494957,beta_over_H,412.01975091080567,308.4552824844451,-0.2513580191178269
run05,0.0,3.4989898989898998,beta_over_H,386.5021614590869,347.4214268101363,-0.10111388381740642
run05,0.0,3.503030303030303,beta_over_H,361.5154783273387,636.2024470880692,0.7598207690349893
run05,0.0,3.507070707070707,beta_over_H,269.9692928550803,307.79263580348965,0.14010238923251514
run05,0.0,3.511111111111111,beta_over_H,473.7509969074764,395.699707640984,-0.1647517150908198
run05,0.0,3.515151515151515,beta_over_H,604.2774553499086,367.97292436014095,-0.3910530318443451
run05,0.0,3.519191919191919,beta_over_H,478.5269401725689,391.6212121781039,-0.18161094120035245
run05,0.0,3.5232323232323237,beta_over_H,580.3930352941577,369.3888754134822,-0.3635539144154845
run05,0.0,3.527272727272728,beta_over_H,266.2189909136714,364.3036861555421,0.36843613186738156
run05,0.0,3.5313131313131314,beta_over_H,358.28140643930334,366.6252154746013,0.02328842324869989
run05,0.0,3.2,Tc_minus_Tn_over_Tc,0.1411668446362572,0.1364131239861702,-0.03367448399329072
run05,0.0,3.204040404040404,Tc_minus_Tn_over_Tc,0.1419514401666527,0.1374173863731665,-0.03194087913559151
run05,0.0,3.2080808080808083,Tc_minus_Tn_over_Tc,0.1432772079006316,0.1387301505416247,-0.031736082979509465
run05,0.0,3.2121212121212124,Tc_minus_Tn_over_Tc,0.1442451908491909,0.1398256755394203,-0.030638909233315356
run05,0.0,3.2161616161616164,Tc_minus_Tn_over_Tc,0.1454624420646644,0.1410627777770147,-0.030246049943901423
run05,0.0,3.2202020202020205,Tc_minus_Tn_over_Tc,0.1466799748555317,0.1421690890734634,-0.030753248945612113
run05,0.0,3.224242424242425,Tc_minus_Tn_over_Tc,0.1478892049470084,0.143300949417626,-0.03102495230146429
run05,0.0,3.2282828282828286,Tc_minus_Tn_over_Tc,0.1491570201913509,0.1445375961860791,-0.030970208437696357
run05,0.0,3.2323232323232327,Tc_minus_Tn_over_Tc,0.1504840213286491,0.1455886527344563,-0.032530819890183506
run05,0.0,3.2363636363636363,Tc_minus_Tn_over_Tc,0.1516666476585724,0.1469060951654137,-0.031388262130481896
run05,0.0,3.2404040404040404,Tc_minus_Tn_over_Tc,0.1528372772613511,0.1481664589391805,-0.03056072710706243
run05,0.0,3.2444444444444445,Tc_minus_Tn_over_Tc,0.1540773424606855,0.1494129109044737,-0.030273312621561965
run05,0.0,3.2484848484848485,Tc_minus_Tn_over_Tc,0.1553749743444913,0.150612734462893,-0.030649980163727296
run05,0.0,3.2525252525252526,Tc_minus_Tn_over_Tc,0.1566584155634074,0.1520302790686095,-0.02954285269740052
run05,0.0,3.2565656565656567,Tc_minus_Tn_over_Tc,0.1577194066631641,0.1531531286957324,-0.028951909368919754
run05,0.0,3.2606060606060607,Tc_minus_Tn_over_Tc,0.159225486136855,0.1543618197165863,-0.03054577843203038
run05,0.0,3.264646464646465,Tc_minus_Tn_over_Tc,0.1605567597017062,0.1556355910973513,-0.030650647244611647
run05,0.0,3.268686868686869,Tc_minus_Tn_over_Tc,0.1618243209411722,0.1569473164319239,-0.030137648536904614
run05,0.0,3.272727272727273,Tc_minus_Tn_over_Tc,0.1631243665928705,0.1582652758258708,-0.029787645270231918
run05,0.0,3.276767676767677,Tc_minus_Tn_over_Tc,0.1644085614582501,0.1596163051759018,-0.029148459422323036
run05,0.0,3.280808080808081,Tc_minus_Tn_over_Tc,0.1658028073738176,0.1608845263307327,-0.029663436470024333
run05,0.0,3.284848484848485,Tc_minus_Tn_over_Tc,0.1673157520584858,0.1623461214626949,-0.029702108346940145
run05,0.0,3.288888888888889,Tc_minus_Tn_over_Tc,0.1686596541849863,0.1635955837224964,-0.030025381511428924
run05,0.0,3.2929292929292933,Tc_minus_Tn_over_Tc,0.1699823553952688,0.1649802554370649,-0.02942717170009937
run05,0.0,3.2969696969696973,Tc_minus_Tn_over_Tc,0.171422398951255,0.166361999964361,-0.029520056992861008
run05,0.0,3.3010101010101014,Tc_minus_Tn_over_Tc,0.1728581790684184,0.1676145177311034,-0.030335049030219993
run05,0.0,3.305050505050505,Tc_minus_Tn_over_Tc,0.1744327837861982,0.1692702146843583,-0.029596323522346868
run05,0.0,3.309090909090909,Tc_minus_Tn_over_Tc,0.1758551121733376,0.1706323767695212,-0.029699082041291104
run05,0.0,3.313131313131313,Tc_minus_Tn_over_Tc,0.1771876908245125,0.1720833136887636,-0.028807741169810178
run05,0.0,3.317171717171717,Tc_minus_Tn_over_Tc,0.1788224012246967,0.1735402972022992,-0.029538268059382332
run05,0.0,3.3212121212121213,Tc_minus_Tn_over_Tc,0.180386487132436,0.1749361402350593,-0.030214829192694265
run05,0.0,3.3252525252525253,Tc_minus_Tn_over_Tc,0.1819274794597872,0.176573375058162,-0.02942988281662343
run05,0.0,3.3292929292929294,Tc_minus_Tn_over_Tc,0.1834626434848011,0.1779561465367909,-0.03001426799165456
run05,0.0,3.333333333333333,Tc_minus_Tn_over_Tc,0.184831998805211,0.1795664753883077,-0.028488159252405703
run05,0.0,3.337373737373737,Tc_minus_Tn_over_Tc,0.186750038098183,0.1811031539271509,-0.030237660075138898
run05,0.0,3.3414141414141416,Tc_minus_Tn_over_Tc,0.1881018408885871,0.1827364884598776,-0.028523657202735222
run05,0.0,3.3454545454545457,Tc_minus_Tn_over_Tc,0.18987090817713,0.184184320627265,-0.029949756939909967
run05,0.0,3.3494949494949497,Tc_minus_Tn_over_Tc,0.1913869403269756,0.1860000274513732,-0.028146710880058497
run05,0.0,3.353535353535354,Tc_minus_Tn_over_Tc,0.1930517565709659,0.1872379007204646,-0.030115529398791765
run05,0.0,3.357575757575758,Tc_minus_Tn_over_Tc,0.1948211878796732,0.1890104559295855,-0.029825975364017144
run05,0.0,3.361616161616162,Tc_minus_Tn_over_Tc,0.1964725449828017,0.1906665810720824,-0.029551019004856533
run05,0.0,3.3656565656565656,Tc_minus_Tn_over_Tc,0.1981912756386357,0.1924915486635516,-0.028758717843243953
run05,0.0,3.3696969696969696,Tc_minus_Tn_over_Tc,0.1996282091951486,0.1941956065733504,-0.027213601943839053
run05,0.0,3.3737373737373737,Tc_minus_Tn_over_Tc,0.2015090785417022,0.1959315077886589,-0.02767900480418813
run05,0.0,3.3777777777777778,Tc_minus_Tn_over_Tc,0.2033675154948877,0.1975742836306191,-0.02848651541113134
run05,0.0,3.381818181818182,Tc_minus_Tn_over_Tc,0.205370421410504,0.199019502883412,-0.03092421237427117
run05,0.0,3.385858585858586,Tc_minus_Tn_over_Tc,0.2072783875050594,0.2010461059158851,-0.030067204131555572
run05,0.0,3.38989898989899,Tc_minus_Tn_over_Tc,0.2089857675050293,0.2029455886964847,-0.02890234526807784
run05,0.0,3.393939393939394,Tc_minus_Tn_over_Tc,0.2107601109931528,0.2049339129179545,-0.027643741729608307
run05,0.0,3.397979797979798,Tc_minus_Tn_over_Tc,0.2125379090740241,0.2064961483410504,-0.028426744006733524
run05,0.0,3.402020202020202,Tc_minus_Tn_over_Tc,0.2146045182288978,0.208574083072906,-0.028100224570107715
run05,0.0,3.4060606060606062,Tc_minus_Tn_over_Tc,0.2166940703355182,0.2103358868093607,-0.029341751328556577
run05,0.0,3.4101010101010103,Tc_minus_Tn_over_Tc,0.2183091105218406,0.2123321332962444,-0.02737850569455845
run05,0.0,3.4141414141414144,Tc_minus_Tn_over_Tc,0.2208425758611635,0.2143872601641248,-0.029230394872304603
run05,0.0,3.4181818181818184,Tc_minus_Tn_over_Tc,0.2224988082667298,0.2162304170943659,-0.028172695490797362
run05,0.0,3.4222222222222225,Tc_minus_Tn_over_Tc,0.2244779536571471,0.2181693347112191,-0.028103512363460696
run05,0.0,3.4262626262626266,Tc_minus_Tn_over_Tc,0.2267391838411491,0.2202073682099776,-0.02880761728307012
run05,0.0,3.43030303030303,Tc_minus_Tn_over_Tc,0.2290228460301369,0.2222217268136427,-0.029696247926284405
run05,0.0,3.4343434343434343,Tc_minus_Tn_over_Tc,0.2313540996150065,0.2245424914642161,-0.02944234903174622
run05,0.0,3.4383838383838383,Tc_minus_Tn_over_Tc,0.2332492461208698,0.226543503088571,-0.028749259188704513
run05,0.0,3.4424242424242424,Tc_minus_Tn_over_Tc,0.2356750921363917,0.228632256622186,-0.029883665050737813
run05,0.0,3.4464646464646465,Tc_minus_Tn_over_Tc,0.2380806716052476,0.2307360639571878,-0.03084923945542969
run05,0.0,3.4505050505050505,Tc_minus_Tn_over_Tc,0.2403189417051364,0.2330870161791788,-0.03009303167967072
run05,0.0,3.4545454545454546,Tc_minus_Tn_over_Tc,0.2425543797168477,0.2353736073066606,-0.029604793855174966
run05,0.0,3.4585858585858587,Tc_minus_Tn_over_Tc,0.2447725636935416,0.2375641491384252,-0.02944943847604362
run05,0.0,3.4626262626262627,Tc_minus_Tn_over_Tc,0.2472329151772247,0.2398843277490023,-0.029723337699410622
run05,0.0,3.466666666666667,Tc_minus_Tn_over_Tc,0.2495148249814904,0.2423636238449724,-0.02866042583661515
run05,0.0,3.470707070707071,Tc_minus_Tn_over_Tc,0.2520082651310816,0.2445827846632058,-0.029465225928258572
run05,0.0,3.474747474747475,Tc_minus_Tn_over_Tc,0.254298655338327,0.2470582296816621,-0.02847213504543317
run05,0.0,3.478787878787879,Tc_minus_Tn_over_Tc,0.2568344251157058,0.2499776046222452,-0.02669743547957627
run05,0.0,3.482828282828283,Tc_minus_Tn_over_Tc,0.2591154791860386,0.2525642317693634,-0.025283118697712367
run05,0.0,3.486868686868687,Tc_minus_Tn_over_Tc,0.2617353663556938,0.2545518555005376,-0.02744570195146615
run05,0.0,3.490909090909091,Tc_minus_Tn_over_Tc,0.2643103939237154,0.2568727937859429,-0.02813964304377347
run05,0.0,3.4949494949494957,Tc_minus_Tn_over_Tc,0.2670506517333866,0.2598746398145049,-0.02687135145450211
run05,0.0,3.4989898989898998,Tc_minus_Tn_over_Tc,0.2698163756720921,0.2622949653278218,-0.02787603356369688
run05,0.0,3.503030303030303,Tc_minus_Tn_over_Tc,0.2726966009480976,0.2650271754803499,-0.028124389673663222
run05,0.0,3.507070707070707,Tc_minus_Tn_over_Tc,0.2756103173307649,0.2677017474986757,-0.02869475246312347
run05,0.0,3.511111111111111,Tc_minus_Tn_over_Tc,0.2791266919493809,0.2704136463142655,-0.031215379562107497
run05,0.0,3.515151515151515,Tc_minus_Tn_over_Tc,0.2821075054302818,0.2733521473692388,-0.031035537490181158
run05,0.0,3.519191919191919,Tc_minus_Tn_over_Tc,0.2843796161400287,0.2762530552529637,-0.02857645353548657
run05,0.0,3.5232323232323237,Tc_minus_Tn_over_Tc,0.2876320022495026,0.2793017057324081,-0.028961647007096546
run05,0.0,3.527272727272728,Tc_minus_Tn_over_Tc,0.2907359817569471,0.2822646390404606,-0.029137579274822776
run05,0.0,3.5313131313131314,Tc_minus_Tn_over_Tc,0.2941280822681232,0.2853740088224426,-0.029762793739975094
run05,2.0,3.0,alpha,0.0214240624594285,0.019309076778619,-0.09872010431330293
run05,2.0,3.004040404040404,alpha,0.0216386986641567,0.0194924848751336,-0.09918405086800275
run05,2.0,3.008080808080808,alpha,0.0218131221150474,0.0196713185381563,-0.09818876754985995
run05,2.0,3.012121212121212,alpha,0.022017730173853,0.019830773185509,-0.09932708644695383
run05,2.0,3.0161616161616163,alpha,0.0221808029271115,0.0200067573282241,-0.09801473851201636
run05,2.0,3.0202020202020203,alpha,0.0223981554328332,0.0201938090386858,-0.09841642543993029
run05,2.0,3.0242424242424244,alpha,0.0225923381850306,0.0203579074204209,-0.09890214754709202
run05,2.0,3.0282828282828285,alpha,0.0227862121547662,0.0205438113703989,-0.09841042333568614
run05,2.0,3.0323232323232325,alpha,0.0230103764306806,0.0207330189019949,-0.0989708940897296
run05,2.0,3.036363636363636,alpha,0.0231807074919903,0.0209164158233551,-0.0976800069375617
run05,2.0,3.04040404040404,alpha,0.0234149761003496,0.0211215290546771,-0.09794787045023969
run05,2.0,3.0444444444444443,alpha,0.0236274345652899,0.0213097431641432,-0.09809323118606898
run05,2.0,3.0484848484848484,alpha,0.0238562576221238,0.0214947865047222,-0.09898749228846439
run05,2.0,3.0525252525252524,alpha,0.0240696468571392,0.0217147342459985,-0.09783743920788851
run05,2.0,3.0565656565656565,alpha,0.0242766921356684,0.0218774192730603,-0.09883030394750451
run05,2.0,3.060606060606061,alpha,0.0245258027889406,0.0220936762822493,-0.09916603047089723
run05,2.0,3.0646464646464646,alpha,0.0247428024775928,0.0222994542524245,-0.09874985775685703
run05,2.0,3.0686868686868687,alpha,0.0249702549280601,0.0225179689840494,-0.09820828626202625
run05,2.0,3.0727272727272728,alpha,0.0252222961001843,0.0227514897733741,-0.09796119738647209
run05,2.0,3.076767676767677,alpha,0.0254585449720122,0.0229144940509991,-0.09992915635241116
run05,2.0,3.080808080808081,alpha,0.0256894048929036,0.0231718742026396,-0.09799879369566236
run05,2.0,3.084848484848485,alpha,0.0259392402772132,0.0233618959691068,-0.09936082477984197
run05,2.0,3.088888888888889,alpha,0.0261968284946525,0.0235961245929799,-0.09927552498209759
run05,2.0,3.092929292929293,alpha,0.0264593104963446,0.0238308823921566,-0.09933849578397451
run05,2.0,3.096969696969697,alpha,0.0267192315179947,0.0240433766200507,-0.10014715042017136
run05,2.0,3.101010101010101,alpha,0.0269668297161602,0.0243128124948344,-0.09841784330085147
run05,2.0,3.105050505050505,alpha,0.0272335257907446,0.0245265107278954,-0.09940009544299203
run05,2.0,3.109090909090909,alpha,0.0274943008531907,0.0247937162586087,-0.09822343215789024
run05,2.0,3.113131313131313,alpha,0.0277931171090921,0.025047643170648,-0.0987825125072408
run05,2.0,3.117171717171717,alpha,0.0280722850241097,0.0252857701373929,-0.09926213289454767
run05,2.0,3.121212121212121,alpha,0.0283767859255514,0.0255539962257353,-0.09947531433693364
run05,2.0,3.125252525252525,alpha,0.0286476050720999,0.0258287594711855,-0.09839725149170295
run05,2.0,3.129292929292929,alpha,0.0289621786547327,0.0260448476957876,-0.10072898844121934
run05,2.0,3.1333333333333333,alpha,0.0292245936862945,0.0263366011232653,-0.09882062327469032
run05,2.0,3.1373737373737374,alpha,0.0295614784898389,0.0266163859175804,-0.09962602422848406
run05,2.0,3.141414141414141,alpha,0.0298673091973904,0.0269075231481404,-0.09909784740530318
run05,2.0,3.145454545454545,alpha,0.0301905166637998,0.0271890032187576,-0.09941908177547662
run05,2.0,3.1494949494949496,alpha,0.0305166544033725,0.0274471895575453,-0.10058326857376554
run05,2.0,3.1535353535353536,alpha,0.0308437444346344,0.0277626984680945,-0.09989208583508423
run05,2.0,3.1575757575757577,alpha,0.0312167286039493,0.028091225889129,-0.10012268596347679
run05,2.0,3.1616161616161618,alpha,0.0315460224276484,0.0283700558740502,-0.10067724261853815
run05,2.0,3.1656565656565654,alpha,0.0318931271919687,0.0286884624580589,-0.10048135808760682
run05,2.0,3.169696969696969,alpha,0.0322522896206483,0.0289986305520776,-0.10088149110777143
run05,2.0,3.173737373737373,alpha,0.032591317695146,0.0293515480051031,-0.09940591295961668
run05,2.0,3.1777777777777776,alpha,0.0329893066848825,0.0296673828736535,-0.10069698775304327
run05,2.0,3.1818181818181817,alpha,0.0333673133155693,0.0300201845425056,-0.10031160559462603
run05,2.0,3.1858585858585857,alpha,0.0337667669446622,0.0303574116795005,-0.10096777315841447
run05,2.0,3.18989898989899,alpha,0.0341874381245754,0.0306912323137829,-0.10226580295524615
run05,2.0,3.193939393939394,alpha,0.0345902854152521,0.0310723773605194,-0.1017021979582027
run05,2.0,3.197979797979798,alpha,0.0349829043187369,0.0314384708313003,-0.10131901728748671
run05,2.0,3.202020202020202,alpha,0.0353996799565653,0.0318162965063016,-0.10122643635932425
run05,2.0,3.206060606060606,alpha,0.0358410999135206,0.032171832557967,-0.1023759696105033
run05,2.0,3.21010101010101,alpha,0.0362988900239246,0.0326405029431947,-0.10078509503510047
run05,2.0,3.214141414141414,alpha,0.0366733639914177,0.0329841835765183,-0.10059563708861674
run05,2.0,3.2181818181818183,alpha,0.0371798125585251,0.0334131010924647,-0.10131066314901886
run05,2.0,3.2222222222222223,alpha,0.0376388400358449,0.0338411466222035,-0.10089825855485225
run05,2.0,3.2262626262626264,alpha,0.0381072414599343,0.0342634235241425,-0.1008684383474244
run05,2.0,3.2303030303030305,alpha,0.038699044351499,0.0347161016270427,-0.10292095815802796
run05,2.0,3.234343434343434,alpha,0.0391969730415042,0.0351731808078125,-0.10265568796424801
run05,2.0,3.238383838383838,alpha,0.0397173875123193,0.0356292062045212,-0.10293177783987048
run05,2.0,3.242424242424242,alpha,0.0402390849608809,0.0360282090427395,-0.10464641336240804
run05,2.0,3.2464646464646463,alpha,0.0407992289617334,0.03653457639477,-0.10452777357541053
run05,2.0,3.2505050505050503,alpha,0.0413809715325105,0.0370406779083892,-0.10488621855365081
run05,2.0,3.2545454545454544,alpha,0.0419590752409562,0.0375687916878337,-0.10463251460883367
run05,2.0,3.2585858585858585,alpha,0.0425517467262143,0.0380850597632873,-0.10497070758731665
run05,2.0,3.2626262626262625,alpha,0.0431605880169854,0.0386763249763836,-0.1038971720875783
run05,2.0,3.2666666666666666,alpha,0.0437882471945883,0.0391376246301892,-0.10620709579290623
run05,2.0,3.2707070707070707,alpha,0.0444304889366575,0.0396857403115142,-0.10679037612905111
run05,2.0,3.2747474747474747,alpha,0.04511407695179,0.0403038121614091,-0.1066244754496753
run05,2.0,3.278787878787879,alpha,0.0458107515057773,0.040910469610472,-0.1069679438611112
run05,2.0,3.282828282828283,alpha,0.0464974787318038,0.041556870383612,-0.10625540315183746
run05,2.0,3.286868686868687,alpha,0.0472062450442557,0.0421852794843767,-0.10636231615481936
run05,2.0,3.290909090909091,alpha,0.0479404615682439,0.0428302468384078,-0.10659502563532149
run05,2.0,3.294949494949495,alpha,0.0487023089357497,0.043561589848793,-0.10555390903003328
run05,2.0,3.298989898989899,alpha,0.0495018749401109,0.0442773861866466,-0.10554122969655325
run05,2.0,3.3030303030303028,alpha,0.0502777440434967,0.0449468106452565,-0.10602968569210781
run05,2.0,3.307070707070707,alpha,0.0511904133139333,0.0457092459497772,-0.10707409863135853
run05,2.0,3.311111111111111,alpha,0.0520132825855855,0.0464132324064264,-0.10766577114114016
run05,2.0,3.315151515151515,alpha,0.0529183515369677,0.047278381114596,-0.10657872474413212
run05,2.0,3.319191919191919,alpha,0.0537012610515801,0.0479932759187641,-0.10629145426088739
run05,2.0,3.323232323232323,alpha,0.0546172075886534,0.0487794462016357,-0.10688502112712334
run05,2.0,3.327272727272727,alpha,0.0556314871834062,0.0496213388669424,-0.10803501076017452
run05,2.0,3.3313131313131312,alpha,0.0566274754874797,0.050434443322935,-0.10936444033981303
run05,2.0,3.3353535353535357,alpha,0.0578011772311633,0.0513897209092496,-0.11092259066407018
run05,2.0,3.33939393939394,alpha,0.0587743530976125,0.0522849280809799,-0.1104125298640882
run05,2.0,3.3434343434343434,alpha,0.0600410858728791,0.0531979148615317,-0.11397480428378633
run05,2.0,3.3474747474747475,alpha,0.0610939179729188,0.0542209162995218,-0.11249895081935338
run05,2.0,3.351515151515152,alpha,0.0622825379246409,0.0552641767872906,-0.11268585660144748
run05,2.0,3.355555555555556,alpha,0.0635710565329164,0.0563505484345454,-0.1135816909796411
run05,2.0,3.35959595959596,alpha,0.064961732150597,0.057475404466329,-0.11524211926666128
run05,2.0,3.3636363636363638,alpha,0.0662894695209472,0.0586880432253191,-0.11467019347961574
run05,2.0,3.367676767676768,alpha,0.0677083548484894,0.0600625522413321,-0.11292258723855088
run05,2.0,3.3717171717171714,alpha,0.0692142996807873,0.0614080775364653,-0.11278337251585119
run05,2.0,3.3757575757575755,alpha,0.070801591778997,0.0625419963401913,-0.11665832972495235
run05,2.0,3.37979797979798,alpha,0.0723633809471471,0.0639322790924992,-0.11651061274770769
run05,2.0,3.0,beta_over_H,1427.536160543459,1401.5413770809837,-0.018209544655302504
run05,2.0,3.004040404040404,beta_over_H,1269.185735250024,1240.6314796755564,-0.02249809053270087
run05,2.0,3.008080808080808,beta_over_H,1579.7592647260833,1437.8552723034088,-0.08982633974125129
run05,2.0,3.012121212121212,beta_over_H,1269.525340480025,1537.0294998571956,0.21071194945665556
run05,2.0,3.0161616161616163,beta_over_H,1266.8406804090705,1516.776457368955,0.19729061501180942
run05,2.0,3.0202020202020203,beta_over_H,1282.5799034070471,1092.2238365902615,-0.14841653631958798
run05,2.0,3.0242424242424244,beta_over_H,1214.5922023907806,1281.002137168315,0.054676734007360034
run05,2.0,3.0282828282828285,beta_over_H,1523.7713588584209,1162.4225764362516,-0.23714107784050004
run05,2.0,3.0323232323232325,beta_over_H,1338.848295030189,1049.760271736472,-0.21592291252624593
run05,2.0,3.036363636363636,beta_over_H,1272.1491806999718,1271.8117628403386,-0.00026523450610371746
run05,2.0,3.04040404040404,beta_over_H,1288.4078739280794,1284.5244299980436,-0.00301414172376642
run05,2.0,3.0444444444444443,beta_over_H,1382.395237486087,1090.3394067986933,-0.21126796647426457
run05,2.0,3.0484848484848484,beta_over_H,1333.6049540559925,1076.1238785155194,-0.19307147499518248
run05,2.0,3.0525252525252524,beta_over_H,1134.3471678620438,1488.550638254573,0.3122531447406113
run05,2.0,3.0565656565656565,beta_over_H,1073.3780035266825,990.6802586183755,-0.07704438197596362
run05,2.0,3.060606060606061,beta_over_H,948.1524885477388,1322.3860672411995,0.39469767069500056
run05,2.0,3.0646464646464646,beta_over_H,1154.9128687078346,1136.824022025787,-0.015662520673344175
run05,2.0,3.0686868686868687,beta_over_H,933.807171262058,1017.121204511414,0.08921974023475913
run05,2.0,3.0727272727272728,beta_over_H,1082.0378118246008,1137.662527499098,0.051407367715458285
run05,2.0,3.076767676767677,beta_over_H,1127.135315568083,1055.74373530218,-0.0633389614182402
run05,2.0,3.080808080808081,beta_over_H,1045.9179958697882,1127.80278234145,0.07828987243265295
run05,2.0,3.084848484848485,beta_over_H,998.5858732504412,963.5142802599382,-0.035121258902194724
run05,2.0,3.088888888888889,beta_over_H,949.4246209079998,1171.4125145710905,0.2338130787579412
run05,2.0,3.092929292929293,beta_over_H,1047.5289872213527,1288.0986153765475,0.22965438769701574
run05,2.0,3.096969696969697,beta_over_H,1076.3814227730843,1111.6272343890378,0.03274472307887811
run05,2.0,3.101010101010101,beta_over_H,995.5448100113316,969.5453412332664,-0.026115819716612514
run05,2.0,3.105050505050505,beta_over_H,947.4226317034844,1027.180162967421,0.08418368803427356
run05,2.0,3.109090909090909,beta_over_H,1112.8779964414098,884.3257215216554,-0.20537046796736363
run05,2.0,3.113131313131313,beta_over_H,1066.173047610692,935.812639690482,-0.12226946480437621
run05,2.0,3.117171717171717,beta_over_H,835.4334123048586,936.8341816742808,0.12137504662360803
run05,2.0,3.121212121212121,beta_over_H,766.2599486767523,994.905837240978,0.29839206519807326
run05,2.0,3.125252525252525,beta_over_H,838.9874674137398,1003.7047151813686,0.19632861534318946
run05,2.0,3.129292929292929,beta_over_H,850.35720135559,805.9564718308488,-0.05221421004486121
run05,2.0,3.1333333333333333,beta_over_H,942.8579836127516,967.9019520247584,0.02656176099400018
run05,2.0,3.1373737373737374,beta_over_H,819.4936769115841,968.074726880168,0.18130835435916906
run05,2.0,3.141414141414141,beta_over_H,644.620107077446,779.400595718189,0.20908514512804388
run05,2.0,3.145454545454545,beta_over_H,874.3940880128443,766.4447574910841,-0.12345615323988157
run05,2.0,3.1494949494949496,beta_over_H,893.1218400592301,902.7732803874476,0.01080640949008419
run05,2.0,3.1535353535353536,beta_over_H,854.9822199648482,921.3731319936542,0.07765180430481411
run05,2.0,3.1575757575757577,beta_over_H,900.1997372532932,862.2080594220853,-0.04220360910916151
run05,2.0,3.1616161616161618,beta_over_H,872.3579171850346,929.2197065497636,0.06518171984752923
run05,2.0,3.1656565656565654,beta_over_H,644.4645704363244,834.2856308014485,0.2945407227531668
run05,2.0,3.169696969696969,beta_over_H,639.0003013769648,848.5748534516043,0.32797254026802947
run05,2.0,3.173737373737373,beta_over_H,785.047037287408,841.6396169187478,0.07208813859980359
run05,2.0,3.1777777777777776,beta_over_H,786.070712345392,832.0942822301091,0.05854889281830251
run05,2.0,3.1818181818181817,beta_over_H,787.9030642257281,729.0713039922874,-0.07466877958046102
run05,2.0,3.1858585858585857,beta_over_H,717.2225759796357,747.5645175443142,0.04230477759743574
run05,2.0,3.18989898989899,beta_over_H,636.0761908214698,828.017980180597,0.3017591164845223
run05,2.0,3.193939393939394,beta_over_H,966.2596519816518,887.0798738270101,-0.08194461808713213
run05,2.0,3.197979797979798,beta_over_H,914.302123773929,810.0246048688788,-0.11405148932021288
run05,2.0,3.202020202020202,beta_over_H,674.4705286632116,852.6314522296872,0.26414930822787375
run05,2.0,3.206060606060606,beta_over_H,838.6701440514321,701.4672776725585,-0.16359574422916331
run05,2.0,3.21010101010101,beta_over_H,719.3457524863949,885.4347491343688,0.23088896552720684
run05,2.0,3.214141414141414,beta_over_H,726.903908385322,778.5081095841591,0.07099177842290874
run05,2.0,3.2181818181818183,beta_over_H,728.7046234933664,702.5855480828557,-0.03584315862481762
run05,2.0,3.2222222222222223,beta_over_H,430.8443504097047,618.1568144425141,0.43475669079723933
run05,2.0,3.2262626262626264,beta_over_H,522.8213256747053,603.1349286633869,0.15361577472960983
run05,2.0,3.2303030303030305,beta_over_H,613.5099599795121,725.0948934583643,0.18187957940011024
run05,2.0,3.234343434343434,beta_over_H,631.8515132120151,567.9032187048255,-0.10120778880802025
run05,2.0,3.238383838383838,beta_over_H,774.8245855536121,555.6697161061946,-0.2828444960749811
run05,2.0,3.242424242424242,beta_over_H,544.5484755177929,696.1925456282239,0.2784767140634041
run05,2.0,3.2464646464646463,beta_over_H,537.9055128345176,787.9567837158465,0.46486095590222226
run05,2.0,3.2505050505050503,beta_over_H,945.4257549083944,743.6573977633643,-0.21341533811354668
run05,2.0,3.2545454545454544,beta_over_H,628.2386644818961,546.6412068575461,-0.12988289679948756
run05,2.0,3.2585858585858585,beta_over_H,448.966221699358,400.6185007392134,-0.10768676711835078
run05,2.0,3.2626262626262625,beta_over_H,478.4449773580994,379.6623634044754,-0.20646598590936538
run05,2.0,3.2666666666666666,beta_over_H,599.3700158484618,827.029390128769,0.37983110309252804
run05,2.0,3.2707070707070707,beta_over_H,708.1676131300369,518.8160243497133,-0.2673824462875486
run05,2.0,3.2747474747474747,beta_over_H,472.6285425982677,577.7577599188887,0.22243518502432136
run05,2.0,3.278787878787879,beta_over_H,429.8940491756724,474.16197958411743,0.10297404789233384
run05,2.0,3.282828282828283,beta_over_H,232.7618680749476,549.6655874331466,1.3614932805753144
run05,2.0,3.286868686868687,beta_over_H,422.0649861666815,448.6300682451632,0.0629407388652483
run05,2.0,3.290909090909091,beta_over_H,97.50249032197428,557.3876347381462,4.716650240394188
run05,2.0,3.294949494949495,beta_over_H,612.9940733846125,513.8464152822119,-0.1617432572471091
run05,2.0,3.298989898989899,beta_over_H,100.4146977804036,733.1779421986367,6.301500262461776
run05,2.0,3.3030303030303028,beta_over_H,630.9809825609705,820.952637768786,0.30107350373187974
run05,2.0,3.307070707070707,beta_over_H,425.0774547279288,429.57842608665214,0.010588591111246298
run05,2.0,3.311111111111111,beta_over_H,661.1262011199249,532.7699321538806,-0.19414790814312483
run05,2.0,3.315151515151515,beta_over_H,702.470385779821,692.9875923552491,-0.013499207392272977
run05,2.0,3.319191919191919,beta_over_H,623.5163728346032,406.1090841346153,-0.3486793581884952
run05,2.0,3.323232323232323,beta_over_H,595.9222829815545,672.768347065985,0.1289531643286598
run05,2.0,3.327272727272727,beta_over_H,137.8900178759821,493.93111372151793,2.5820657748101694
run05,2.0,3.3313131313131312,beta_over_H,137.97070546298806,104.28010548906504,-0.2441866181728037
run05,2.0,3.3353535353535357,beta_over_H,391.4997134856292,608.2493524043381,0.5536393296151548
run05,2.0,3.33939393939394,beta_over_H,342.1087146922872,382.7436634442663,0.11877788260532494
run05,2.0,3.3434343434343434,beta_over_H,461.74278354463166,758.3306668707812,0.642322725759463
run05,2.0,3.3474747474747475,beta_over_H,451.89594139914624,443.9108817998516,-0.017670129044690102
run05,2.0,3.351515151515152,beta_over_H,389.59823936355065,385.3960931409167,-0.010785845001503529
run05,2.0,3.355555555555556,beta_over_H,281.27515819315363,398.4179540364039,0.4164704647070449
run05,2.0,3.35959595959596,beta_over_H,130.40659074820127,385.43032020101714,1.9556046054852751
run05,2.0,3.3636363636363638,beta_over_H,431.06779125686967,376.65849103135446,-0.1262198227960232
run05,2.0,3.367676767676768,beta_over_H,345.9122286864111,208.59556025858456,-0.3969696849090346
run05,2.0,3.3717171717171714,beta_over_H,392.9269685305196,465.4583320416303,0.1845924798248532
run05,2.0,3.3757575757575755,beta_over_H,347.8393169925956,486.2390695640855,0.3978841545805933
run05,2.0,3.37979797979798,beta_over_H,476.05903843255714,558.372006101827,0.17290495720927485
run05,2.0,3.0,Tc_minus_Tn_over_Tc,0.1290054946530374,0.1246712433518482,-0.033597416240651164
run05,2.0,3.004040404040404,Tc_minus_Tn_over_Tc,0.1302792106954558,0.1258450828770538,-0.03403557478381842
run05,2.0,3.008080808080808,Tc_minus_Tn_over_Tc,0.1312481711341649,0.1269712680021611,-0.03258638269048219
run05,2.0,3.012121212121212,Tc_minus_Tn_over_Tc,0.1324250446749547,0.1279319949103965,-0.03392900320016245
run05,2.0,3.0161616161616163,Tc_minus_Tn_over_Tc,0.1332930393588377,0.1290139798277093,-0.03210264805807886
run05,2.0,3.0202020202020203,Tc_minus_Tn_over_Tc,0.134538229935482,0.130172449552202,-0.03245011016848981
run05,2.0,3.0242424242424244,Tc_minus_Tn_over_Tc,0.1356080044113302,0.1311404917408021,-0.032944313943129
run05,2.0,3.0282828282828285,Tc_minus_Tn_over_Tc,0.1366647935448828,0.1322675849717879,-0.032175137861316185
run05,2.0,3.0323232323232325,Tc_minus_Tn_over_Tc,0.1379218674861153,0.133408265170958,-0.032725791764759
run05,2.0,3.036363636363636,Tc_minus_Tn_over_Tc,0.1387956151699755,0.1344935487138617,-0.030995694286489316
run05,2.0,3.04040404040404,Tc_minus_Tn_over_Tc,0.1400985091735671,0.135731293213519,-0.03117246561587292
run05,2.0,3.0444444444444443,Tc_minus_Tn_over_Tc,0.1412396883943335,0.1368299845199841,-0.03122142171567074
run05,2.0,3.0484848484848484,Tc_minus_Tn_over_Tc,0.1424793675653429,0.1378943660069599,-0.032180108858781045
run05,2.0,3.0525252525252524,Tc_minus_Tn_over_Tc,0.1436030363285666,0.1392046896882243,-0.030628507257178042
run05,2.0,3.0565656565656565,Tc_minus_Tn_over_Tc,0.144674231997216,0.140084560499489,-0.031724180832805864
run05,2.0,3.060606060606061,Tc_minus_Tn_over_Tc,0.1460097836707402,0.1413435523169919,-0.03195834714933145
run05,2.0,3.0646464646464646,Tc_minus_Tn_over_Tc,0.1471230302270098,0.142514359271901,-0.03132528570134555
run05,2.0,3.0686868686868687,Tc_minus_Tn_over_Tc,0.1482921668149075,0.1437634883159663,-0.030538892216698955
run05,2.0,3.0727272727272728,Tc_minus_Tn_over_Tc,0.1496066356468966,0.1451047334057134,-0.030091594679053264
run05,2.0,3.076767676767677,Tc_minus_Tn_over_Tc,0.1508070377908048,0.1459396857606626,-0.03227536394484479
run05,2.0,3.080808080808081,Tc_minus_Tn_over_Tc,0.1519613308639084,0.1474207131979807,-0.029880086204260265
run05,2.0,3.084848484848485,Tc_minus_Tn_over_Tc,0.1532219243672306,0.1484228772487518,-0.0313208905207116
run05,2.0,3.088888888888889,Tc_minus_Tn_over_Tc,0.1545167869153783,0.1497163399724947,-0.031067478419109076
run05,2.0,3.092929292929293,Tc_minus_Tn_over_Tc,0.1558273358019164,0.150999310577826,-0.030983172491812712
run05,2.0,3.096969696969697,Tc_minus_Tn_over_Tc,0.1571081027371608,0.1521197547024665,-0.031751055151112914
run05,2.0,3.101010101010101,Tc_minus_Tn_over_Tc,0.1583012140064285,0.1536059271784483,-0.029660460012577876
run05,2.0,3.105050505050505,Tc_minus_Tn_over_Tc,0.1595955485280438,0.1547091945022813,-0.03061710724910283
run05,2.0,3.109090909090909,Tc_minus_Tn_over_Tc,0.1608410063423348,0.1561493487000679,-0.029169536730460056
run05,2.0,3.113131313131313,Tc_minus_Tn_over_Tc,0.1622952174372342,0.1574872052779699,-0.029625100697275735
run05,2.0,3.117171717171717,Tc_minus_Tn_over_Tc,0.1636191180119207,0.158709977876314,-0.030003462891476023
run05,2.0,3.121212121212121,Tc_minus_Tn_over_Tc,0.1650734472134656,0.1601094275176729,-0.030071581950872082
run05,2.0,3.125252525252525,Tc_minus_Tn_over_Tc,0.1663195990915879,0.1615336346877781,-0.0287757091163639
run05,2.0,3.129292929292929,Tc_minus_Tn_over_Tc,0.1677980668468913,0.1625777146981114,-0.031110919493150473
run05,2.0,3.1333333333333333,Tc_minus_Tn_over_Tc,0.1689691388316109,0.1640769580745912,-0.02895310226972931
run05,2.0,3.1373737373737374,Tc_minus_Tn_over_Tc,0.170539009781294,0.1654858772921086,-0.029630361379872794
run05,2.0,3.141414141414141,Tc_minus_Tn_over_Tc,0.1719196047138451,0.1669462574017737,-0.02892833147417579
run05,2.0,3.145454545454545,Tc_minus_Tn_over_Tc,0.1733781763468464,0.1683317879793742,-0.0291062489743623
run05,2.0,3.1494949494949496,Tc_minus_Tn_over_Tc,0.1748354030745109,0.16956386294087,-0.030151445536429962
run05,2.0,3.1535353535353536,Tc_minus_Tn_over_Tc,0.1762801537283645,0.1711186125850087,-0.029280330395612023
run05,2.0,3.1575757575757577,Tc_minus_Tn_over_Tc,0.1779471357936373,0.1727285074590162,-0.029326846489246553
run05,2.0,3.1616161616161618,Tc_minus_Tn_over_Tc,0.1793669185603152,0.1740337611138883,-0.029733227783770702
run05,2.0,3.1656565656565654,Tc_minus_Tn_over_Tc,0.1808614359250763,0.1755492011111323,-0.029371849154977637
run05,2.0,3.169696969696969,Tc_minus_Tn_over_Tc,0.1823983108608611,0.1769997417320854,-0.029597692562481535
run05,2.0,3.173737373737373,Tc_minus_Tn_over_Tc,0.1838157901749191,0.1786697794235646,-0.027995477137505807
run05,2.0,3.1777777777777776,Tc_minus_Tn_over_Tc,0.1855082479735322,0.1801148493009858,-0.029073632743897668
run05,2.0,3.1818181818181817,Tc_minus_Tn_over_Tc,0.1870804176030942,0.1817425892318199,-0.028532266710024817
run05,2.0,3.1858585858585857,Tc_minus_Tn_over_Tc,0.1887365078776685,0.1832663009165457,-0.028983300701252608
run05,2.0,3.18989898989899,Tc_minus_Tn_over_Tc,0.1904717749525243,0.1847525441773233,-0.030026657632746454
run05,2.0,3.193939393939394,Tc_minus_Tn_over_Tc,0.1920996041498782,0.1864690066670521,-0.029310822933466568
run05,2.0,3.197979797979798,Tc_minus_Tn_over_Tc,0.1936580042478529,0.1880840576292584,-0.02878242311875061
run05,2.0,3.202020202020202,Tc_minus_Tn_over_Tc,0.1953085386086782,0.1897383281233424,-0.02852005613792601
run05,2.0,3.206060606060606,Tc_minus_Tn_over_Tc,0.197049684696148,0.1912578992884583,-0.02939251294220888
run05,2.0,3.21010101010101,Tc_minus_Tn_over_Tc,0.1988401757292247,0.1933240143319527,-0.02774168438064422
run05,2.0,3.214141414141414,Tc_minus_Tn_over_Tc,0.2002347018344876,0.1947416275775043,-0.027433178198671283
run05,2.0,3.2181818181818183,Tc_minus_Tn_over_Tc,0.202193708649814,0.196558242029616,-0.027871622009556497
run05,2.0,3.2222222222222223,Tc_minus_Tn_over_Tc,0.2039171991364703,0.1983451776310197,-0.027324921728262695
run05,2.0,3.2262626262626264,Tc_minus_Tn_over_Tc,0.2056565089988822,0.2000794436607703,-0.027118350716252824
run05,2.0,3.2303030303030305,Tc_minus_Tn_over_Tc,0.2078933541254496,0.2019320174274065,-0.028674974835635404
run05,2.0,3.234343434343434,Tc_minus_Tn_over_Tc,0.2097014181977371,0.2037781242753635,-0.028246322668110294
run05,2.0,3.238383838383838,Tc_minus_Tn_over_Tc,0.2115753171601513,0.2055924326480137,-0.02827780004039355
run05,2.0,3.242424242424242,Tc_minus_Tn_over_Tc,0.2134268508977455,0.2071223329077095,-0.029539479046413537
run05,2.0,3.2464646464646463,Tc_minus_Tn_over_Tc,0.2154047491858498,0.2091122847139535,-0.029212282903136925
run05,2.0,3.2505050505050503,Tc_minus_Tn_over_Tc,0.217436445388459,0.2110701132126841,-0.029279048249713554
run05,2.0,3.2545454545454544,Tc_minus_Tn_over_Tc,0.2194219213072612,0.2130932179967397,-0.028842620977961895
run05,2.0,3.2585858585858585,Tc_minus_Tn_over_Tc,0.2214318342006802,0.2150330415224639,-0.028897347580190975
run05,2.0,3.2626262626262625,Tc_minus_Tn_over_Tc,0.2234708105852437,0.2172589471787336,-0.02779720264244792
run05,2.0,3.2666666666666666,Tc_minus_Tn_over_Tc,0.2255468521697441,0.2189073359956159,-0.029437414489524194
run05,2.0,3.2707070707070707,Tc_minus_Tn_over_Tc,0.2276418052578604,0.2208893802244915,-0.029662499933701163
run05,2.0,3.2747474747474747,Tc_minus_Tn_over_Tc,0.2298515125085061,0.2231225737434726,-0.029275155475796493
run05,2.0,3.278787878787879,Tc_minus_Tn_over_Tc,0.2320693115108502,0.2252712489194837,-0.02929324238137651
run05,2.0,3.282828282828283,Tc_minus_Tn_over_Tc,0.2342137486476602,0.2275391783776124,-0.028497773117874083
run05,2.0,3.286868686868687,Tc_minus_Tn_over_Tc,0.2363974687285354,0.2296979333120971,-0.028340131780901806
run05,2.0,3.290909090909091,Tc_minus_Tn_over_Tc,0.2386294990268384,0.2318826396034719,-0.028273367085297627
run05,2.0,3.294949494949495,Tc_minus_Tn_over_Tc,0.2409140833120859,0.2343513674090417,-0.027240897720963532
run05,2.0,3.298989898989899,Tc_minus_Tn_over_Tc,0.2432808161411976,0.2367161814834896,-0.02698377439632536
run05,2.0,3.3030303030303028,Tc_minus_Tn_over_Tc,0.2455272237269708,0.2388704225696075,-0.027112273157805705
run05,2.0,3.307070707070707,Tc_minus_Tn_over_Tc,0.2481655824944227,0.2413169948736068,-0.027596847040502904
run05,2.0,3.311111111111111,Tc_minus_Tn_over_Tc,0.250472072009414,0.2435133418711113,-0.027782459267719006
run05,2.0,3.315151515151515,Tc_minus_Tn_over_Tc,0.2529867514000695,0.2462222283889544,-0.026738645299325417
run05,2.0,3.319191919191919,Tc_minus_Tn_over_Tc,0.2550859477200407,0.2483708296476141,-0.026324923550067495
run05,2.0,3.323232323232323,Tc_minus_Tn_over_Tc,0.2575415168293324,0.2507177396727709,-0.026495833528399605
run05,2.0,3.327272727272727,Tc_minus_Tn_over_Tc,0.2602334348109442,0.2532016507235425,-0.02702106319470506
run05,2.0,3.3313131313131312,Tc_minus_Tn_over_Tc,0.2628169776311296,0.2555451504382811,-0.02766878783247679
run05,2.0,3.3353535353535357,Tc_minus_Tn_over_Tc,0.2658412151306204,0.2582895702400094,-0.02840659935631319
run05,2.0,3.33939393939394,Tc_minus_Tn_over_Tc,0.2682503690499332,0.2607912012909851,-0.02780673810577176
run05,2.0,3.3434343434343434,Tc_minus_Tn_over_Tc,0.2713957643547843,0.2632967167037686,-0.029842203581438975
run05,2.0,3.3474747474747475,Tc_minus_Tn_over_Tc,0.273907864816709,0.266077252262098,-0.02858849109663571
run05,2.0,3.351515151515152,Tc_minus_Tn_over_Tc,0.2767170622202772,0.2688558917842505,-0.02840869432824818
run05,2.0,3.355555555555556,Tc_minus_Tn_over_Tc,0.2797140633791636,0.2716961357132715,-0.02866472843384881
run05,2.0,3.35959595959596,Tc_minus_Tn_over_Tc,0.282890172932095,0.2745798733697197,-0.029376416565626475
run05,2.0,3.3636363636363638,Tc_minus_Tn_over_Tc,0.2858375384474,0.277636060969358,-0.028692793544859218
run05,2.0,3.367676767676768,Tc_minus_Tn_over_Tc,0.2889290306889276,0.2810474216244867,-0.027278702474610658
run05,2.0,3.3717171717171714,Tc_minus_Tn_over_Tc,0.2921436781422407,0.284294566816628,-0.02686729822642626
run05,2.0,3.3757575757575755,Tc_minus_Tn_over_Tc,0.2954579220147034,0.2869261709283045,-0.028876365975302173
run05,2.0,3.37979797979798,Tc_minus_Tn_over_Tc,0.2986309310213025,0.2901354030728044,-0.02844825189220636
run05,5.0,2.8,alpha,0.0232710415611541,0.0209851354698174,-0.09822964242187258
run05,5.0,2.804040404040404,alpha,0.0234765726770084,0.021177682321125,-0.09792274142872642
run05,5.0,2.808080808080808,alpha,0.023695717115882,0.0213661827258456,-0.09831035619829523
run05,5.0,2.812121212121212,alpha,0.0239060843295498,0.0215514706861797,-0.09849432516472864
run05,5.0,2.816161616161616,alpha,0.0241215809290376,0.0217634194587002,-0.09776148077834497
run05,5.0,2.82020202020202,alpha,0.0243371490959363,0.0219585645108338,-0.09773472544899128
run05,5.0,2.824242424242424,alpha,0.0245616365052922,0.0221622229202303,-0.0976894835384812
run05,5.0,2.8282828282828283,alpha,0.0248045907601337,0.0223684955759123,-0.09821146447361385
run05,5.0,2.8323232323232324,alpha,0.0250411621959407,0.0225677626083174,-0.0987733543782664
run05,5.0,2.8363636363636364,alpha,0.0252764967823752,0.0227913385890092,-0.09831893298990901
run05,5.0,2.8404040404040405,alpha,0.0255095599282067,0.023004611037042,-0.09819647607463829
run05,5.0,2.844444444444444,alpha,0.0257577412416768,0.0232324517855055,-0.09804001959944018
run05,5.0,2.848484848484848,alpha,0.0259890224287604,0.023437901888316,-0.09816146595884404
run05,5.0,2.852525252525252,alpha,0.026265960611562,0.0236692393119392,-0.09886260540875678
run05,5.0,2.8565656565656563,alpha,0.0265576777538623,0.0238825307468233,-0.10072970354683787
run05,5.0,2.8606060606060604,alpha,0.0268102742485421,0.0241241237245823,-0.1001910871577849
run05,5.0,2.8646464646464644,alpha,0.0270606123208171,0.0243752422058508,-0.09923537882771806
run05,5.0,2.8686868686868685,alpha,0.0272919407558838,0.0246079252891581,-0.09834461721624033
run05,5.0,2.872727272727273,alpha,0.0275753628274402,0.0248608158034061,-0.09844102654318868
run05,5.0,2.8767676767676766,alpha,0.0278560888550703,0.025112855077413,-0.09847878472565914
run05,5.0,2.8808080808080807,alpha,0.028146302745244,0.025373965307143,-0.09849739282611294
run05,5.0,2.8848484848484848,alpha,0.0284221469876255,0.0256741963370545,-0.09668342971301258
run05,5.0,2.888888888888889,alpha,0.0287143640429308,0.0258773913610026,-0.09879977413696671
run05,5.0,2.892929292929293,alpha,0.0290172633026269,0.0261283210611607,-0.09955943161616716
run05,5.0,2.896969696969697,alpha,0.0293057210195533,0.0264265428832442,-0.0982462821640887
run05,5.0,2.901010101010101,alpha,0.0296196769158224,0.02670055484585,-0.09855347437679342
run05,5.0,2.909090909090909,alpha,0.0302703329579029,0.0272413826468682,-0.100063329836744
run05,5.0,2.913131313131313,alpha,0.0305884390072448,0.0275425730381687,-0.09957572429095492
run05,5.0,2.9171717171717173,alpha,0.0309185630857989,0.0278224526153637,-0.1001375924826618
run05,5.0,2.921212121212121,alpha,0.0312412869901946,0.0281411776627756,-0.09923116574525241
run05,5.0,2.925252525252525,alpha,0.0316157753430496,0.0284347708304258,-0.1006144710388421
run05,5.0,2.929292929292929,alpha,0.0319829446671068,0.0287754140195147,-0.10028878456869912
run05,5.0,2.933333333333333,alpha,0.0323400002126343,0.0291145392851505,-0.0997359587593233
run05,5.0,2.937373737373737,alpha,0.0326929493298955,0.0294367342656557,-0.0995999177493053
run05,5.0,2.9414141414141413,alpha,0.033077811815532,0.0297628229088541,-0.1002179021141089
run05,5.0,2.9454545454545453,alpha,0.0334201004334736,0.0300976704489266,-0.09941412328070831
run05,5.0,2.9494949494949494,alpha,0.0338177982647339,0.0304507361291659,-0.0995647945265337
run05,5.0,2.953535353535353,alpha,0.0342669754174719,0.0307955233544079,-0.10130605402932621
run05,5.0,2.957575757575757,alpha,0.034645896492129,0.0311675821131532,-0.1003961430112226
run05,5.0,2.9616161616161616,alpha,0.0350633342239473,0.0315352230504064,-0.10062109755470128
run05,5.0,2.9656565656565657,alpha,0.0354894064268423,0.0319088426188394,-0.1008910592907169
run05,5.0,2.973737373737374,alpha,0.0363107370195651,0.0326566372994949,-0.10063413799894179
run05,5.0,2.977777777777778,alpha,0.0368388046716469,0.0330756083847547,-0.10215305085044077
run05,5.0,2.981818181818182,alpha,0.0373284225127392,0.0334865232673696,-0.10292155378541532
run05,5.0,2.985858585858586,alpha,0.0377747222233141,0.0339096637421588,-0.10231864732998178
run05,5.0,2.98989898989899,alpha,0.0382572455537716,0.034366509345228,-0.10169932916563641
run05,5.0,2.993939393939394,alpha,0.0387831790272914,0.0347767755745895,-0.10330260574778127
run05,5.0,2.9979797979797977,alpha,0.0391850738766889,0.0352404918010938,-0.10066542398282227
run05,5.0,3.002020202020202,alpha,0.0397845369557003,0.0356350001182604,-0.10430024212825116
run05,5.0,3.01010101010101,alpha,0.0408691346711518,0.0366674434632344,-0.10280842111597818
run05,5.0,3.014141414141414,alpha,0.0413930655232566,0.0371925416994879,-0.1014789257734159
run05,5.0,3.018181818181818,alpha,0.0420657037782,0.0376520927733336,-0.10492183913380049
run05,5.0,3.022222222222222,alpha,0.0427264906171327,0.0381479657147697,-0.107158927312581
run05,5.0,3.026262626262626,alpha,0.0433418200983011,0.0387486123073312,-0.10597634756806039
run05,5.0,3.0303030303030303,alpha,0.0438656666791438,0.0393342519871508,-0.1033020819024162
run05,5.0,3.0343434343434343,alpha,0.0444548460874485,0.0397657042734077,-0.10548100436151878
run05,5.0,3.0383838383838384,alpha,0.0451266506141913,0.0403815266737838,-0.10515125487543421
run05,5.0,3.0424242424242425,alpha,0.0457885644192589,0.0410072045821707,-0.10442257576167073
run05,5.0,3.0464646464646465,alpha,0.0465233428296698,0.041640243398057,-0.10496020136581102
run05,5.0,3.0505050505050506,alpha,0.0472859419238133,0.0422460440731486,-0.10658342935803075
run05,5.0,3.0545454545454547,alpha,0.0480304014991594,0.0429017581869861,-0.10677910556844006
run05,5.0,3.0585858585858587,alpha,0.0487903064422756,0.0435671685758256,-0.10705277845773639
run05,5.0,3.062626262626263,alpha,0.0495611656222784,0.0442551712151394,-0.10705951606501125
run05,5.0,3.066666666666667,alpha,0.0504088491859075,0.0449891120186126,-0.1075155901160716
run05,5.0,3.070707070707071,alpha,0.0512574849922128,0.045741322115961,-0.10761672909019691
run05,5.0,3.0747474747474746,alpha,0.0520768017830272,0.0465822581542167,-0.1055084690435285
run05,5.0,3.078787878787879,alpha,0.0529113237393332,0.047185498317282,-0.10821550128398585
run05,5.0,3.0828282828282827,alpha,0.0537682502160777,0.0480830498820214,-0.1057352677687904
run05,5.0,3.0868686868686868,alpha,0.0547251565691521,0.0488956459804719,-0.10652341544813819
run05,5.0,3.090909090909091,alpha,0.055710014544771,0.0498194523515452,-0.10573614531175334
run05,5.0,3.094949494949495,alpha,0.056747438747722,0.0505763542079992,-0.10874648576047895
run05,5.0,3.098989898989899,alpha,0.0578660782678158,0.0514150193337837,-0.1114825667669287
run05,5.0,3.103030303030303,alpha,0.0588863492588056,0.052386503743146,-0.11037949537494286
run05,5.0,3.107070707070707,alpha,0.0600185934989849,0.0533489977343695,-0.11112549254804185
run05,5.0,3.111111111111111,alpha,0.0612183522621397,0.0543427714798982,-0.1123124116898795
run05,5.0,3.1151515151515152,alpha,0.0624802838196881,0.0553993273232756,-0.11333105523091794
run05,5.0,3.1191919191919197,alpha,0.0640314945272505,0.056511090142827,-0.11744852185549051
run05,5.0,3.123232323232324,alpha,0.0652869131443651,0.0576121872141056,-0.1175538183784067
run05,5.0,3.1272727272727274,alpha,0.0665321371206273,0.0587926500062124,-0.11632704809079988
run05,5.0,3.1313131313131315,alpha,0.0679753929911562,0.0600328745910017,-0.11684402326571089
run05,5.0,3.135353535353536,alpha,0.0693316470582843,0.0613882796082134,-0.11457058626334432
run05,5.0,3.13939393939394,alpha,0.0709187310011691,0.0626745013269163,-0.11624897340756005
run05,5.0,3.143434343434344,alpha,0.072575917676413,0.0640486935107941,-0.11749385248752041
run05,5.0,3.147474747474748,alpha,0.0743199638639003,0.0654956801423174,-0.11873369230564383
run05,5.0,3.151515151515152,alpha,0.0760560786862839,0.0670143641572156,-0.1188822075137948
run05,5.0,3.155555555555556,alpha,0.0779017787366032,0.0686022923948637,-0.11937450585284268
run05,5.0,3.1595959595959595,alpha,0.0798929837339013,0.0702589298734371,-0.12058698286388005
run05,5.0,2.8,beta_over_H,1243.6243461416818,1308.1907511102147,0.05191793258860586
run05,5.0,2.804040404040404,beta_over_H,1188.5434727253544,1307.875110718219,0.10040157615710496
run05,5.0,2.808080808080808,beta_over_H,1209.958799147543,1278.8394546636137,0.05692810000191693
run05,5.0,2.812121212121212,beta_over_H,1322.960688824928,1168.5095277227688,-0.11674659905378204
run05,5.0,2.816161616161616,beta_over_H,1300.1279575251815,1229.086334916038,-0.054642023654635254
run05,5.0,2.82020202020202,beta_over_H,1179.1614253193995,1149.3431432279,-0.025287701455653164
run05,5.0,2.824242424242424,beta_over_H,1115.494295782151,1133.3611320207096,0.016016967819661394
run05,5.0,2.8282828282828283,beta_over_H,1200.3489593134873,1241.3795345187966,0.03418220583852204
run05,5.0,2.8323232323232324,beta_over_H,1180.6904718149128,1108.4196735400506,-0.061210622089437484
run05,5.0,2.8363636363636364,beta_over_H,1021.212361240548,1129.735093647549,0.106268526044054
run05,5.0,2.8404040404040405,beta_over_H,1002.7285569649702,1214.4738201075663,0.21116907628870232
run05,5.0,2.844444444444444,beta_over_H,1053.296220210027,1143.4771984579916,0.08561786942516744
run05,5.0,2.848484848484848,beta_over_H,1043.8611733695732,1105.5659943741389,0.059112095150912806
run05,5.0,2.852525252525252,beta_over_H,994.332107196899,1036.1756315142188,0.042082040813587
run05,5.0,2.8565656565656563,beta_over_H,1230.4451107579362,1096.180824508932,-0.10911846865424125
run05,5.0,2.8606060606060604,beta_over_H,1092.5031916528071,944.0268894169228,-0.13590468510326278
run05,5.0,2.8646464646464644,beta_over_H,1019.2263342479748,1072.7147437216024,0.05247942255445494
run05,5.0,2.8686868686868685,beta_over_H,930.7016032009112,1079.6208170938637,0.16000747541508767
run05,5.0,2.872727272727273,beta_over_H,1006.0091436877628,1154.503958902036,0.14760781862273187
run05,5.0,2.8767676767676766,beta_over_H,877.3740840120064,1062.7294232411064,0.21126147057081696
run05,5.0,2.8808080808080807,beta_over_H,1077.140334273397,953.0007630839468,-0.11524920870518753
run05,5.0,2.8848484848484848,beta_over_H,966.6069526278376,895.3181286037313,-0.07375161520440028
run05,5.0,2.888888888888889,beta_over_H,1065.2137819923269,724.16909579812,-0.32016548411186774
run05,5.0,2.892929292929293,beta_over_H,876.558957628885,1000.0591490161808,0.14089205330964508
run05,5.0,2.896969696969697,beta_over_H,938.1771975622968,1162.2971984639178,0.23888877440632847
run05,5.0,2.901010101010101,beta_over_H,864.0513732582585,902.3485205536588,0.044322766539893574
run05,5.0,2.909090909090909,beta_over_H,1131.1724862238914,961.8443024586204,-0.14969262939777347
run05,5.0,2.913131313131313,beta_over_H,969.9997012029892,897.5224709245282,-0.07471881711775277
run05,5.0,2.9171717171717173,beta_over_H,986.5435743717796,902.9588634174364,-0.0847248039779379
run05,5.0,2.921212121212121,beta_over_H,826.6126389130999,978.3399641612764,0.18355311557742499
run05,5.0,2.925252525252525,beta_over_H,849.2610070994147,842.2361750462314,-0.00827169974184496
run05,5.0,2.929292929292929,beta_over_H,758.8479242704717,899.610793680362,0.18549549245353014
run05,5.0,2.933333333333333,beta_over_H,683.4078560793461,875.7187854015384,0.2813999394526486
run05,5.0,2.937373737373737,beta_over_H,712.1959267813149,903.3184036902828,0.2683565992475178
run05,5.0,2.9414141414141413,beta_over_H,861.5196133220853,783.3139112050466,-0.09077646162398045
run05,5.0,2.9454545454545453,beta_over_H,705.82033872995,945.4903313306672,0.3395623212444946
run05,5.0,2.9494949494949494,beta_over_H,530.7788302451376,832.861170178885,0.5691303471810136
run05,5.0,2.953535353535353,beta_over_H,695.7437053978736,837.5907198034132,0.20387825761847445
run05,5.0,2.957575757575757,beta_over_H,556.1756178480977,762.1660676870168,0.37036943589134314
run05,5.0,2.9616161616161616,beta_over_H,540.238122339531,678.5256416743005,0.2559751221107977
run05,5.0,2.9656565656565657,beta_over_H,605.288287872014,734.7025616983937,0.2138060101598129
run05,5.0,2.973737373737374,beta_over_H,959.1267122240008,546.3298711427811,-0.43038822276572397
run05,5.0,2.977777777777778,beta_over_H,887.2989707265119,809.0104639890517,-0.08823238763971332
run05,5.0,2.981818181818182,beta_over_H,859.213891387391,999.8407044813648,0.1636691567764352
run05,5.0,2.985858585858586,beta_over_H,590.6987043960991,626.8173474445387,0.061145627677252984
run05,5.0,2.98989898989899,beta_over_H,390.470076750276,589.0447134489468,0.5085527637644527
run05,5.0,2.993939393939394,beta_over_H,653.3966627799283,713.3882719262108,0.0918149916637826
run05,5.0,2.9979797979797977,beta_over_H,779.4209603098802,665.3916594178094,-0.14630001847363122
run05,5.0,3.002020202020202,beta_over_H,668.2799207867826,873.5088717751746,0.3071002802938788
run05,5.0,3.01010101010101,beta_over_H,465.0379496186,896.562206368877,0.9279334237220657
run05,5.0,3.014141414141414,beta_over_H,746.8138317889342,695.8568886154833,-0.06823245768143785
run05,5.0,3.018181818181818,beta_over_H,804.0787274414902,428.3744266897452,-0.46724815360705285
run05,5.0,3.022222222222222,beta_over_H,805.4352135606042,665.4403356088612,-0.17381271093532738
run05,5.0,3.026262626262626,beta_over_H,492.88275864667713,340.53388744341606,-0.3090975866584782
run05,5.0,3.0303030303030303,beta_over_H,338.908405345902,435.3690062202133,0.2846214474257733
run05,5.0,3.0343434343434343,beta_over_H,622.6507984421871,376.8575409158643,-0.39475297894305134
run05,5.0,3.0383838383838384,beta_over_H,423.5583866822215,851.771435566917,1.01098942282535
run05,5.0,3.0424242424242425,beta_over_H,684.9675706361182,707.3282012539294,0.032644801851049926
run05,5.0,3.0464646464646465,beta_over_H,600.193342820243,544.4291972553282,-0.09291030337471778
run05,5.0,3.0505050505050506,beta_over_H,781.7605934287877,751.6116840677801,-0.038565399195647734
run05,5.0,3.0545454545454547,beta_over_H,677.7601457249058,466.8631601513316,-0.31116758178220555
run05,5.0,3.0585858585858587,beta_over_H,424.6092941835447,469.7401314509643,0.10628791664628763
run05,5.0,3.062626262626263,beta_over_H,628.6368940381924,384.38222311692505,-0.38854650949969194
run05,5.0,3.066666666666667,beta_over_H,350.59032162481424,314.07773030525493,-0.10414603332556742
run05,5.0,3.070707070707071,beta_over_H,452.4405428866842,309.1245277701612,-0.3167620969644561
run05,5.0,3.0747474747474746,beta_over_H,512.0634010770667,442.2946077524135,-0.13625030255609466
run05,5.0,3.078787878787879,beta_over_H,339.43942162723783,739.1241548767459,1.1774847227038638
run05,5.0,3.0828282828282827,beta_over_H,652.6844629857109,578.5499664044333,-0.11358397630939245
run05,5.0,3.0868686868686868,beta_over_H,361.6787489682096,317.2463021898911,-0.12285058744832145
run05,5.0,3.090909090909091,beta_over_H,386.03182038268346,599.5959771745376,0.5532294114514765
run05,5.0,3.094949494949495,beta_over_H,389.4030040532688,509.6815169956935,0.30887926310391567
run05,5.0,3.098989898989899,beta_over_H,434.5089700510438,673.5127374535707,0.5500548524336565
run05,5.0,3.103030303030303,beta_over_H,422.2669859653224,496.70692491645,0.17628642878854087
run05,5.0,3.107070707070707,beta_over_H,433.0352007229527,407.93162934701377,-0.05797120265056629
run05,5.0,3.111111111111111,beta_over_H,322.8194261887059,393.019944315301,0.21746063722187217
run05,5.0,3.1151515151515152,beta_over_H,94.13637105372176,422.9964754575472,3.4934436150736206
run05,5.0,3.1191919191919197,beta_over_H,495.65419992557474,400.49734493555417,-0.1919823437475339
run05,5.0,3.123232323232324,beta_over_H,673.2994885864372,428.9092796405403,-0.36297400055803314
run05,5.0,3.1272727272727274,beta_over_H,296.57222769451863,402.9032478845072,0.35853330238161685
run05,5.0,3.1313131313131315,beta_over_H,143.98801636337072,377.24810343936593,1.6199965314289484
run05,5.0,3.135353535353536,beta_over_H,264.7564425791913,356.4359304669342,0.346278590974498
run05,5.0,3.13939393939394,beta_over_H,249.5783902135832,464.95220717218655,0.8629505814757905
run05,5.0,3.143434343434344,beta_over_H,391.01389513339535,290.37996949078126,-0.25736662275974254
run05,5.0,3.147474747474748,beta_over_H,265.1721460640412,340.4690762466653,0.2839548998650833
run05,5.0,3.151515151515152,beta_over_H,327.4358706283328,338.45656766937776,0.03365757398508847
run05,5.0,3.155555555555556,beta_over_H,238.5356879931848,293.42813216513974,0.23012256419057622
run05,5.0,3.1595959595959595,beta_over_H,464.62733235813874,211.9387525967961,-0.5438521631494725
run05,5.0,2.8,Tc_minus_Tn_over_Tc,0.1386049590794725,0.1341983615578481,-0.03179249538321203
run05,5.0,2.804040404040404,Tc_minus_Tn_over_Tc,0.1397061449572233,0.1353363772540508,-0.031278278450174814
run05,5.0,2.808080808080808,Tc_minus_Tn_over_Tc,0.1408878396573673,0.1364335163864664,-0.031616094630548694
run05,5.0,2.812121212121212,Tc_minus_Tn_over_Tc,0.1419993762544274,0.137495577627768,-0.03171703105645839
run05,5.0,2.816161616161616,Tc_minus_Tn_over_Tc,0.1431335499216372,0.1387427878764744,-0.030675980911300433
run05,5.0,2.82020202020202,Tc_minus_Tn_over_Tc,0.1442573353168356,0.1398550977983913,-0.030516559236142538
run05,5.0,2.824242424242424,Tc_minus_Tn_over_Tc,0.1454281194122978,0.1410177024132307,-0.03032712667185979
run05,5.0,2.8282828282828283,Tc_minus_Tn_over_Tc,0.146706737940266,0.1421871078965157,-0.030807242443019522
run05,5.0,2.8323232323232324,Tc_minus_Tn_over_Tc,0.1479307489428007,0.1432951890191868,-0.03133601334909951
run05,5.0,2.8363636363636364,Tc_minus_Tn_over_Tc,0.149134069595163,0.1445628046928377,-0.030652049627120086
run05,5.0,2.8404040404040405,Tc_minus_Tn_over_Tc,0.1503106949328173,0.1457451393767522,-0.03037412313279303
run05,5.0,2.844444444444444,Tc_minus_Tn_over_Tc,0.1515699015365939,0.1470157921099399,-0.030046264993808688
run05,5.0,2.848484848484848,Tc_minus_Tn_over_Tc,0.1527108537270919,0.1481197590163405,-0.03006397121553713
run05,5.0,2.852525252525252,Tc_minus_Tn_over_Tc,0.1541212247542751,0.1493884181901851,-0.03070833735999554
run05,5.0,2.8565656565656563,Tc_minus_Tn_over_Tc,0.1556052791765389,0.1505221613491309,-0.0326667440481955
run05,5.0,2.8606060606060604,Tc_minus_Tn_over_Tc,0.1568364193716997,0.1518331453219409,-0.031901225938480104
run05,5.0,2.8646464646464644,Tc_minus_Tn_over_Tc,0.158040916622082,0.1531925931781321,-0.030677646951033113
run05,5.0,2.8686868686868685,Tc_minus_Tn_over_Tc,0.1591200638284967,0.1544162370150739,-0.029561494008025848
run05,5.0,2.872727272727273,Tc_minus_Tn_over_Tc,0.1604951290452818,0.1557580143018609,-0.02951562936271028
run05,5.0,2.8767676767676766,Tc_minus_Tn_over_Tc,0.1618389878391282,0.1570792994863906,-0.02941002298821125
run05,5.0,2.8808080808080807,Tc_minus_Tn_over_Tc,0.1632226191142966,0.158443625416823,-0.02927899162141937
run05,5.0,2.8848484848484848,Tc_minus_Tn_over_Tc,0.1645084501978761,0.1600390837213441,-0.027168005480302754
run05,5.0,2.888888888888889,Tc_minus_Tn_over_Tc,0.1658733555429631,0.1610095044732614,-0.029322678460205732
run05,5.0,2.892929292929293,Tc_minus_Tn_over_Tc,0.1672824858460751,0.16226653893898,-0.029984889821104976
run05,5.0,2.896969696969697,Tc_minus_Tn_over_Tc,0.1685951811865831,0.1637997748405023,-0.02844331796632884
run05,5.0,2.901010101010101,Tc_minus_Tn_over_Tc,0.1700334719751337,0.1651674942414009,-0.02861776376856204
run05,5.0,2.909090909090909,Tc_minus_Tn_over_Tc,0.1729825768705642,0.1678144300890486,-0.029876689751146022
run05,5.0,2.913131313131313,Tc_minus_Tn_over_Tc,0.1743919719073222,0.1692968073139938,-0.029216738234006223
run05,5.0,2.9171717171717173,Tc_minus_Tn_over_Tc,0.1758484819307109,0.170637136043236,-0.02963543290369898
run05,5.0,2.921212121212121,Tc_minus_Tn_over_Tc,0.1772492939356356,0.1721870488169153,-0.028560029810660647
run05,5.0,2.925252525252525,Tc_minus_Tn_over_Tc,0.1789006407088783,0.1735738608892112,-0.029775074021871496
run05,5.0,2.929292929292929,Tc_minus_Tn_over_Tc,0.1804930500191505,0.175210368883256,-0.029268058439557664
run05,5.0,2.933333333333333,Tc_minus_Tn_over_Tc,0.1820148247886826,0.1768174629196008,-0.028554607434399384
run05,5.0,2.937373737373737,Tc_minus_Tn_over_Tc,0.183496624857119,0.1783105244709607,-0.028262647284093067
run05,5.0,2.9414141414141413,Tc_minus_Tn_over_Tc,0.1851183930003159,0.1798062739113963,-0.028695793015611003
run05,5.0,2.9454545454545453,Tc_minus_Tn_over_Tc,0.186511471968831,0.1813315390899262,-0.027772730675625447
run05,5.0,2.9494949494949494,Tc_minus_Tn_over_Tc,0.1881557735343043,0.18293478778521,-0.027748209108993487
run05,5.0,2.953535353535353,Tc_minus_Tn_over_Tc,0.1900245789293186,0.1844739198332924,-0.029210216527256822
run05,5.0,2.957575757575757,Tc_minus_Tn_over_Tc,0.1915349004401572,0.1861361564548461,-0.02818673762799625
run05,5.0,2.9616161616161616,Tc_minus_Tn_over_Tc,0.1932067424092783,0.187753589763151,-0.028224442781482374
run05,5.0,2.9656565656565657,Tc_minus_Tn_over_Tc,0.194895759729998,0.1893806355002601,-0.0282978153931023
run05,5.0,2.973737373737374,Tc_minus_Tn_over_Tc,0.1980672732753898,0.1925739419226172,-0.027734674496855218
run05,5.0,2.977777777777778,Tc_minus_Tn_over_Tc,0.200144308006781,0.1943618422038321,-0.0288914826533713
run05,5.0,2.981818181818182,Tc_minus_Tn_over_Tc,0.2020194723539001,0.1960857898954348,-0.029371834256009845
run05,5.0,2.985858585858586,Tc_minus_Tn_over_Tc,0.2036800705227741,0.1978448421611917,-0.028648990284643218
run05,5.0,2.98989898989899,Tc_minus_Tn_over_Tc,0.2054729997896914,0.1997389725269202,-0.027906475637383965
run05,5.0,2.993939393939394,Tc_minus_Tn_over_Tc,0.2074227173050847,0.2013867720125146,-0.029099731075705713
run05,5.0,2.9979797979797977,Tc_minus_Tn_over_Tc,0.2088267520811417,0.2032602227665886,-0.026656207880828363
run05,5.0,3.002020202020202,Tc_minus_Tn_over_Tc,0.2110267501516246,0.2047891257160631,-0.029558453755648098
run05,5.0,3.01010101010101,Tc_minus_Tn_over_Tc,0.2148602528462739,0.2088749016500153,-0.02785694942163621
run05,5.0,3.014141414141414,Tc_minus_Tn_over_Tc,0.2166609280691176,0.21090788923992,-0.02655319018739882
run05,5.0,3.018181818181818,Tc_minus_Tn_over_Tc,0.2190132087119984,0.2126253461028102,-0.029166563271479262
run05,5.0,3.022222222222222,Tc_minus_Tn_over_Tc,0.2212779370581643,0.2144734526883404,-0.030750848730279386
run05,5.0,3.026262626262626,Tc_minus_Tn_over_Tc,0.2233318367102633,0.2167354386454364,-0.029536308669617265
run05,5.0,3.0303030303030303,Tc_minus_Tn_over_Tc,0.2250132329598994,0.2188958570286943,-0.027186738534152335
run05,5.0,3.0343434343434343,Tc_minus_Tn_over_Tc,0.2269108084263788,0.2203898880822778,-0.02873781284075202
run05,5.0,3.0383838383838384,Tc_minus_Tn_over_Tc,0.2290774145854164,0.2226091207403195,-0.028236279236882406
run05,5.0,3.0424242424242425,Tc_minus_Tn_over_Tc,0.2311718855219934,0.22482947214658,-0.027435920077789812
run05,5.0,3.0464646464646465,Tc_minus_Tn_over_Tc,0.2334862761408566,0.2270399436951073,-0.027609042177110153
run05,5.0,3.0505050505050506,Tc_minus_Tn_over_Tc,0.2358539940751131,0.2291074535706818,-0.028604732902181455
run05,5.0,3.0545454545454547,Tc_minus_Tn_over_Tc,0.238117013245359,0.2313299310175592,-0.028503138584248515
run05,5.0,3.0585858585858587,Tc_minus_Tn_over_Tc,0.2403910609867499,0.2335493075440305,-0.02846093117870346
run05,5.0,3.062626262626263,Tc_minus_Tn_over_Tc,0.2426600361987538,0.2358127733472174,-0.028217513517256924
run05,5.0,3.066666666666667,Tc_minus_Tn_over_Tc,0.2451350387997332,0.2382014738293869,-0.028284675272435403
run05,5.0,3.070707070707071,Tc_minus_Tn_over_Tc,0.247565203837109,0.2406102427338972,-0.0280934517267135
run05,5.0,3.0747474747474746,Tc_minus_Tn_over_Tc,0.24985809111967,0.2432818365251986,-0.026319958521261906
run05,5.0,3.078787878787879,Tc_minus_Tn_over_Tc,0.2521554441872027,0.2450868252534073,-0.028032783335614153
run05,5.0,3.0828282828282827,Tc_minus_Tn_over_Tc,0.2544778374029019,0.2478555354406663,-0.026023099024340045
run05,5.0,3.0868686868686868,Tc_minus_Tn_over_Tc,0.2570514658163716,0.2502854429799506,-0.02632166603264745
run05,5.0,3.090909090909091,Tc_minus_Tn_over_Tc,0.2596537991408374,0.2530285805213404,-0.025515585142289594
run05,5.0,3.094949494949495,Tc_minus_Tn_over_Tc,0.2623517955953079,0.2551835065801338,-0.027323194030017674
run05,5.0,3.098989898989899,Tc_minus_Tn_over_Tc,0.2652180785290803,0.2575563991996593,-0.028888224256480858
run05,5.0,3.103030303030303,Tc_minus_Tn_over_Tc,0.2677534614383458,0.2602916837260695,-0.02786809056432864
run05,5.0,3.107070707070707,Tc_minus_Tn_over_Tc,0.2705362838107743,0.2629416996459216,-0.02807233121515304
run05,5.0,3.111111111111111,Tc_minus_Tn_over_Tc,0.2734344798900009,0.2656286650671825,-0.028547295227575424
run05,5.0,3.1151515151515152,Tc_minus_Tn_over_Tc,0.2764256608816164,0.2684400807865321,-0.028888707617142212
run05,5.0,3.1191919191919197,Tc_minus_Tn_over_Tc,0.2800668340843657,0.2713455880767949,-0.03113987429494672
run05,5.0,3.123232323232324,Tc_minus_Tn_over_Tc,0.2828901152249567,0.2741557105602825,-0.030875609272273646
run05,5.0,3.1272727272727274,Tc_minus_Tn_over_Tc,0.2856258983715447,0.2771184786086573,-0.02978518338634984
run05,5.0,3.1313131313131315,Tc_minus_Tn_over_Tc,0.2887630824266924,0.280170620811588,-0.029756094660354497
run05,5.0,3.135353535353536,Tc_minus_Tn_over_Tc,0.2916252331561865,0.2834475831786138,-0.028041640598339353
run05,5.0,3.13939393939394,Tc_minus_Tn_over_Tc,0.2949348915039618,0.2864668001803068,-0.02871173119081861
run05,5.0,3.143434343434344,Tc_minus_Tn_over_Tc,0.2983102780914544,0.2896307619963915,-0.02909559855125736
run05,5.0,3.147474747474748,Tc_minus_Tn_over_Tc,0.301779284982875,0.2928910513112859,-0.029452762710646174
run05,5.0,3.151515151515152,Tc_minus_Tn_over_Tc,0.3051374621335286,0.2962359379776733,-0.02917217733153985
run05,5.0,3.155555555555556,Tc_minus_Tn_over_Tc,0.3086256453492067,0.299651235417567,-0.029078626701566794
run05,5.0,3.1595959595959595,Tc_minus_Tn_over_Tc,0.3123003904369823,0.3031277631196823,-0.029371168266761775
