c6_over_f2_TeV2,c8_over_f4_TeV4,f_GeV,include_daisy,status,output_dir,Tn_GeV,Tc_GeV,Ts_false_GeV,Ts_true_GeV,Tc_minus_Tn_over_Tc,S3_over_Tn,phi_true_Tn_GeV,phi_false_Tn_GeV,vTn_over_Tn,alpha,beta_over_H,omega_total_peak,f_total_peak_mHz,transition_error
3.2,0.0,1000.0,False,FOPT_with_nucleation,04_EFT68_pure_benchmarks\c8f40\results_eft68_c6f23p2_c8f40_f1000_mh125_Glauber_off,80.64175997353256,93.89688727070423,54.82577558593324,95.51203515624967,0.14116684463625728,139.98341688760775,225.6480749863297,-4.083938852573622e-05,2.798154145698081,0.02351243018015538,1201.3729429315445,9.228412095343942e-17,18.62666344186168,
3.4,0.0,1000.0,False,FOPT_with_nucleation,04_EFT68_pure_benchmarks\c8f40\results_eft68_c6f23p4_c8f40_f1000_mh125_Glauber_off,70.63157519167508,89.80256251832898,33.61695742186892,93.67955078124969,0.21347929044609437,140.19780674025435,233.74582171452684,-4.032496738976098e-05,3.309367249423556,0.04011346121807856,673.3415274447623,1.2991204704687126e-15,9.161803871105286,
3.5,0.0,1000.0,False,FOPT_with_nucleation,04_EFT68_pure_benchmarks\c8f40\results_eft68_c6f23p5_c8f40_f1000_mh125_Glauber_off,63.985219682982915,87.70740318246193,15.892388476557148,92.80464648437471,0.2704695685736883,140.00736143105686,237.51424769372062,-4.4434119788385505e-05,3.7120173826157594,0.05946597618950606,404.3840540452545,1.0469643112074197e-14,4.987109735477842,
3.0,2.0,1000.0,False,FOPT_with_nucleation,04_EFT68_pure_benchmarks\c8f42\results_eft68_c6f23_c8f42_f1000_mh125_Glauber_off,82.363600537782,94.56270967515724,58.97084746093361,95.62729492187466,0.12900549465303746,140.0210968634168,223.77943761371813,3.7872629206455675e-05,2.7169700711549827,0.021424062459428562,1427.536160543459,5.0269012573253445e-17,22.60357268872196,
3.2,2.0,1000.0,False,FOPT_with_nucleation,04_EFT68_pure_benchmarks\c8f42\results_eft68_c6f23p2_c8f42_f1000_mh125_Glauber_off,72.88676541633376,90.48855338493354,39.9133503906195,93.76611718749967,0.19451949788303832,140.15322037733245,232.15883751454385,-4.651734902289909e-05,3.185198796906929,0.035198514234283614,731.9880566743203,7.668860058902511e-16,10.233047793380827,
3.3,2.0,1000.0,False,FOPT_with_nucleation,04_EFT68_pure_benchmarks\c8f42\results_eft68_c6f23p3_c8f42_f1000_mh125_Glauber_off,66.85544665859472,88.40746989294904,26.233669726556638,92.8809999999997,0.24378056809510856,139.9939951461965,235.9887446177156,-4.046744490315288e-05,3.5298357338455935,0.04967565843850803,288.27036752729634,1.2697223855250755e-14,3.713512519836342,
2.8,5.0,1000.0,False,FOPT_with_nucleation,04_EFT68_pure_benchmarks\c8f45\results_eft68_c6f22p8_c8f45_f1000_mh125_Glauber_off,80.5869366994295,93.55398263415876,56.792875585933494,94.83360742187467,0.1386049590794725,139.95280721163235,225.48779721844454,-4.6620017362676995e-05,2.798068849042637,0.023271041561154192,1243.6243461416818,8.364988143197287e-17,19.326048786591166,
3.0,5.0,1000.0,False,FOPT_with_nucleation,04_EFT68_pure_benchmarks\c8f45\results_eft68_c6f23_c8f45_f1000_mh125_Glauber_off,70.68288179275072,89.45275747023516,37.024804492181836,92.99917773437471,0.20983003999323324,139.97194079306598,233.61290684736838,-4.3316391898626286e-05,3.305084638913631,0.03946031316628338,789.0009832068473,9.044677226102986e-16,10.715563333568019,
3.1,5.0,1000.0,False,FOPT_with_nucleation,04_EFT68_pure_benchmarks\c8f45\results_eft68_c6f23p1_c8f45_f1000_mh125_Glauber_off,64.13421555815573,87.3540984008141,22.027077343744416,92.12621874999971,0.26581331921161433,140.00638615129108,237.3822294738728,-4.613857392773595e-05,3.7013351985044385,0.05810537380821187,435.1545381529291,8.498614030774103e-15,5.368648030396001,
